,mean_fit_time,std_fit_time,mean_score_time,std_score_time,param_colsample_bytree,param_learning_rate,param_max_depth,param_n_estimators,param_objective,param_subsample,params,split0_test_score,split1_test_score,split2_test_score,split3_test_score,split4_test_score,split5_test_score,split6_test_score,split7_test_score,split8_test_score,split9_test_score,mean_test_score,std_test_score,rank_test_score
0,0.0821544885635376,0.006333637230593323,0.0029230594635009767,0.0012243546311426494,0.8,0.05,5,100,reg:squarederror,0.9,"{'colsample_bytree': 0.8, 'learning_rate': 0.05, 'max_depth': 5, 'n_estimators': 100, 'objective': 'reg:squarederror', 'subsample': 0.9}",-0.11744837493773072,-0.1090802074883716,-0.1075300623707973,-0.1235071637140265,-0.11075486177488826,-0.15573765571824869,-0.14964854380425024,-0.1207334118782568,-0.11778227800704241,-0.1258674589998013,-0.12380900186934138,0.01558858323911365,45
1,0.07484731674194336,0.008526270726590127,0.002059340476989746,0.0010731513391328805,0.8,0.05,5,100,reg:squarederror,1.0,"{'colsample_bytree': 0.8, 'learning_rate': 0.05, 'max_depth': 5, 'n_estimators': 100, 'objective': 'reg:squarederror', 'subsample': 1.0}",-0.11802285995783607,-0.10913196807798846,-0.1093667033553197,-0.1238789800307944,-0.11226554915841241,-0.15584518090085278,-0.1543595636959358,-0.12111753488729926,-0.11759641889021213,-0.12668167986100923,-0.12482664388156603,0.01610627531670254,85
2,0.1376645088195801,0.007283523659804583,0.0032257318496704103,0.0014070985554283202,0.8,0.05,5,200,reg:squarederror,0.9,"{'colsample_bytree': 0.8, 'learning_rate': 0.05, 'max_depth': 5, 'n_estimators': 200, 'objective': 'reg:squarederror', 'subsample': 0.9}",-0.11676953838189282,-0.10767422707624433,-0.10738918423437485,-0.12223651827443496,-0.10878788491784268,-0.15434486178300402,-0.1494433643163724,-0.1178813020610378,-0.11694229804550213,-0.1262318371452576,-0.12277010162359636,0.0157306312423561,11
3,0.13919332027435302,0.013041779475584936,0.002870988845825195,0.0010578747656922254,0.8,0.05,5,200,reg:squarederror,1.0,"{'colsample_bytree': 0.8, 'learning_rate': 0.05, 'max_depth': 5, 'n_estimators': 200, 'objective': 'reg:squarederror', 'subsample': 1.0}",-0.11788727941322376,-0.1089409572970002,-0.11024798658609682,-0.12295850683194158,-0.11119474640422743,-0.15464770309409692,-0.15326407194763816,-0.120223901448774,-0.11659050296269236,-0.1252283822347079,-0.1241184038220399,0.015762338428954043,55
4,0.19227449893951415,0.022265886680409606,0.0030180692672729494,0.001551259579155172,0.8,0.05,7,100,reg:squarederror,0.9,"{'colsample_bytree': 0.8, 'learning_rate': 0.05, 'max_depth': 7, 'n_estimators': 100, 'objective': 'reg:squarederror', 'subsample': 0.9}",-0.11741186790434453,-0.10639791321397912,-0.1042543308054128,-0.12214664232257984,-0.10810020973927052,-0.15628464313669607,-0.1518531813983607,-0.11975050774470411,-0.11702976771033181,-0.12949898364948276,-0.12327280476251623,0.01705595957959203,24
5,0.20310678482055664,0.013981435769167124,0.003920507431030273,0.0019407896721892646,0.8,0.05,7,100,reg:squarederror,1.0,"{'colsample_bytree': 0.8, 'learning_rate': 0.05, 'max_depth': 7, 'n_estimators': 100, 'objective': 'reg:squarederror', 'subsample': 1.0}",-0.11662883084103025,-0.10863343116687234,-0.10370312667764625,-0.12375507486373409,-0.10828911325557511,-0.15524055645165521,-0.15324444349802332,-0.1200523118673679,-0.115940905001107,-0.1283391742591978,-0.12338269678822093,0.016959013789623476,31
6,0.3957239627838135,0.03162153573210615,0.00925295352935791,0.005454088785275008,0.8,0.05,7,200,reg:squarederror,0.9,"{'colsample_bytree': 0.8, 'learning_rate': 0.05, 'max_depth': 7, 'n_estimators': 200, 'objective': 'reg:squarederror', 'subsample': 0.9}",-0.11848206903771848,-0.1069956147722669,-0.10499491757805653,-0.12143830806771144,-0.10768940952671577,-0.15383413650806152,-0.15278456970448362,-0.11854246453040951,-0.1170390439976123,-0.1313702406338653,-0.12331707743569013,0.016732934096927665,26
7,0.3490999698638916,0.026267617972063794,0.007149744033813477,0.003716571510698076,0.8,0.05,7,200,reg:squarederror,1.0,"{'colsample_bytree': 0.8, 'learning_rate': 0.05, 'max_depth': 7, 'n_estimators': 200, 'objective': 'reg:squarederror', 'subsample': 1.0}",-0.11687248720377987,-0.11065680653703931,-0.10428175774585786,-0.12451692616197393,-0.10787027571523035,-0.15346051108706996,-0.15476938051332437,-0.11921868176267755,-0.11767590432902371,-0.13105786270901915,-0.12403805937649962,0.016749379594146865,54
8,0.30868916511535643,0.018177408599577043,0.0037773847579956055,0.001829974028987246,0.8,0.05,8,100,reg:squarederror,0.9,"{'colsample_bytree': 0.8, 'learning_rate': 0.05, 'max_depth': 8, 'n_estimators': 100, 'objective': 'reg:squarederror', 'subsample': 0.9}",-0.11824893049380247,-0.10754794033406925,-0.10255668583650618,-0.12330349789009083,-0.10770181461797862,-0.15684007101576014,-0.15261020916704773,-0.12107517504851678,-0.11713891157983226,-0.12630267412961357,-0.1233325910113218,0.0172718504530947,28
9,0.31432905197143557,0.017189512226680727,0.0039097309112548825,0.002503733800951891,0.8,0.05,8,100,reg:squarederror,1.0,"{'colsample_bytree': 0.8, 'learning_rate': 0.05, 'max_depth': 8, 'n_estimators': 100, 'objective': 'reg:squarederror', 'subsample': 1.0}",-0.11961791205523997,-0.10968298107045153,-0.10374748940842705,-0.12566358597037805,-0.10783538129192113,-0.15690830120587246,-0.15320965871986492,-0.12171352613005246,-0.11577458349453702,-0.12888453118075072,-0.12430379505274954,0.017118375939479555,69
10,0.5520480632781982,0.03241410699694612,0.009564542770385742,0.00638067404365193,0.8,0.05,8,200,reg:squarederror,0.9,"{'colsample_bytree': 0.8, 'learning_rate': 0.05, 'max_depth': 8, 'n_estimators': 200, 'objective': 'reg:squarederror', 'subsample': 0.9}",-0.11916640197689411,-0.10895520387234674,-0.10340207804630601,-0.1237381703194273,-0.10734395360808897,-0.15638392444792734,-0.1540301047473161,-0.11958880428789473,-0.11690559151135045,-0.12906958591359075,-0.12385838187311426,0.01731268772596568,48
11,0.5744631052017212,0.026746572254276447,0.01426072120666504,0.009614346367393454,0.8,0.05,8,200,reg:squarederror,1.0,"{'colsample_bytree': 0.8, 'learning_rate': 0.05, 'max_depth': 8, 'n_estimators': 200, 'objective': 'reg:squarederror', 'subsample': 1.0}",-0.11991992409168627,-0.11108298747529591,-0.10527246169411213,-0.12655666862544945,-0.10773652124593114,-0.15594294835833203,-0.15415217458954725,-0.12131406803433951,-0.11715601275568072,-0.13043280238821842,-0.12495665692585929,0.016795961463036163,88
12,0.7428556442260742,0.022537897097239454,0.009631919860839843,0.004261902197264375,0.8,0.05,10,100,reg:squarederror,0.9,"{'colsample_bytree': 0.8, 'learning_rate': 0.05, 'max_depth': 10, 'n_estimators': 100, 'objective': 'reg:squarederror', 'subsample': 0.9}",-0.12093969670340757,-0.11010618476137655,-0.10521702319284731,-0.126871883040912,-0.10796543358371793,-0.15685263962250837,-0.1557672255152631,-0.12394291725460883,-0.11853071080214424,-0.128568201790004,-0.125476191626679,0.017140609057236064,103
13,0.7544668674468994,0.04245937264280368,0.00959014892578125,0.005930900849757761,0.8,0.05,10,100,reg:squarederror,1.0,"{'colsample_bytree': 0.8, 'learning_rate': 0.05, 'max_depth': 10, 'n_estimators': 100, 'objective': 'reg:squarederror', 'subsample': 1.0}",-0.12215035944698824,-0.1085963099911097,-0.10645058289609988,-0.1261047425370559,-0.1083208723347172,-0.15994842063866238,-0.15433285866300925,-0.12537184950241054,-0.12006638774568974,-0.12947758234810927,-0.12608199661038522,0.01736469178901864,117
14,1.3975306749343872,0.059751726819820945,0.026364350318908693,0.004671697710630379,0.8,0.05,10,200,reg:squarederror,0.9,"{'colsample_bytree': 0.8, 'learning_rate': 0.05, 'max_depth': 10, 'n_estimators': 200, 'objective': 'reg:squarederror', 'subsample': 0.9}",-0.12200916434527227,-0.111632075429043,-0.10573504359546938,-0.12806845926149968,-0.10852872816857674,-0.15600837149984065,-0.1574795718464917,-0.1231448482298071,-0.11877083330735755,-0.12979682788873753,-0.12611739235720956,0.01705494938624668,119
15,1.3408713817596436,0.10949114644957389,0.017006516456604004,0.005374172661587968,0.8,0.05,10,200,reg:squarederror,1.0,"{'colsample_bytree': 0.8, 'learning_rate': 0.05, 'max_depth': 10, 'n_estimators': 200, 'objective': 'reg:squarederror', 'subsample': 1.0}",-0.124123926830228,-0.10962093671280225,-0.10748279990434434,-0.12674035950702406,-0.10869948405159917,-0.15923238346869645,-0.15533031074771714,-0.1244790407173751,-0.12131615973292173,-0.13023413434569045,-0.12672595360183989,0.017076603796011634,128
16,0.10439629554748535,0.02215324689726669,0.0023634672164916993,0.0009892774042259546,0.8,0.06,5,100,reg:squarederror,0.9,"{'colsample_bytree': 0.8, 'learning_rate': 0.06, 'max_depth': 5, 'n_estimators': 100, 'objective': 'reg:squarederror', 'subsample': 0.9}",-0.11619311040303663,-0.10953931831461439,-0.10700020376947106,-0.12390238173608624,-0.10977664828500783,-0.15541067967192598,-0.14950228787818295,-0.11742867661905954,-0.11735894747628972,-0.12341323461273612,-0.12295254887664105,0.015732200368459633,15
17,0.08959050178527832,0.010585962240241694,0.00229496955871582,0.0017248396143832714,0.8,0.06,5,100,reg:squarederror,1.0,"{'colsample_bytree': 0.8, 'learning_rate': 0.06, 'max_depth': 5, 'n_estimators': 100, 'objective': 'reg:squarederror', 'subsample': 1.0}",-0.11873952165137033,-0.10798625667620583,-0.10790508771994348,-0.12418538280688585,-0.111205708622737,-0.15494359902016483,-0.15487492120917315,-0.11970183430402591,-0.11610119276693931,-0.1262123470373266,-0.12418558518147722,0.016441014544416346,63
18,0.15821511745452882,0.00916406778624997,0.004501771926879883,0.0030329029095198055,0.8,0.06,5,200,reg:squarederror,0.9,"{'colsample_bytree': 0.8, 'learning_rate': 0.06, 'max_depth': 5, 'n_estimators': 200, 'objective': 'reg:squarederror', 'subsample': 0.9}",-0.11723802800821724,-0.10908838527078699,-0.10678238349006985,-0.12287718009235897,-0.10959193768341606,-0.15395938868168252,-0.14937523681879436,-0.11654103633892189,-0.11634994368941788,-0.12379863072841281,-0.12256021508020787,0.015518755360111948,3
19,0.1425837755203247,0.010723717175172027,0.003927540779113769,0.0016022973212714952,0.8,0.06,5,200,reg:squarederror,1.0,"{'colsample_bytree': 0.8, 'learning_rate': 0.06, 'max_depth': 5, 'n_estimators': 200, 'objective': 'reg:squarederror', 'subsample': 1.0}",-0.11867810427753493,-0.10912602441560025,-0.1076962665667135,-0.12310209013168424,-0.11122710941502059,-0.15413765037091431,-0.1536875782221221,-0.11797699245998765,-0.11574437824337878,-0.1270809203904878,-0.12384571144934439,0.01607058998770945,47
20,0.20325098037719727,0.02858087743322932,0.004618954658508301,0.0026123368654759655,0.8,0.06,7,100,reg:squarederror,0.9,"{'colsample_bytree': 0.8, 'learning_rate': 0.06, 'max_depth': 7, 'n_estimators': 100, 'objective': 'reg:squarederror', 'subsample': 0.9}",-0.11746037268034434,-0.10769378573095573,-0.10475739754975148,-0.12260334355243692,-0.10619685381985441,-0.1564949650702266,-0.15232411784267155,-0.11849021205270485,-0.11617700684853197,-0.12892525040392225,-0.12311233055514,0.01721613683185416,20
21,0.20904808044433593,0.021800661148049696,0.0038444042205810548,0.002507781833727594,0.8,0.06,7,100,reg:squarederror,1.0,"{'colsample_bytree': 0.8, 'learning_rate': 0.06, 'max_depth': 7, 'n_estimators': 100, 'objective': 'reg:squarederror', 'subsample': 1.0}",-0.11919706988768941,-0.1098022616069924,-0.10270479689786197,-0.12548717057471348,-0.10797719774744255,-0.15499168812742692,-0.15227265529120607,-0.12086606334834053,-0.11595445684539613,-0.13056549918882043,-0.12398188595158896,0.016776632703994425,52
22,0.3566897392272949,0.016285640605842124,0.006952643394470215,0.005613171647333012,0.8,0.06,7,200,reg:squarederror,0.9,"{'colsample_bytree': 0.8, 'learning_rate': 0.06, 'max_depth': 7, 'n_estimators': 200, 'objective': 'reg:squarederror', 'subsample': 0.9}",-0.11932014808894405,-0.11029990206821093,-0.10549307518511367,-0.1218491091092248,-0.10703271760419536,-0.1572280257758123,-0.1535765550399241,-0.11691268792202446,-0.11669262400060434,-0.13027033603543292,-0.12386751808294869,0.017222829639073664,49
23,0.35913221836090087,0.030252810600740084,0.009200024604797363,0.005836213187711818,0.8,0.06,7,200,reg:squarederror,1.0,"{'colsample_bytree': 0.8, 'learning_rate': 0.06, 'max_depth': 7, 'n_estimators': 200, 'objective': 'reg:squarederror', 'subsample': 1.0}",-0.12112430659830246,-0.11233262642488566,-0.10417007349499137,-0.1260167979852406,-0.1076638600425509,-0.1550858646412604,-0.15361241585295438,-0.1210765778449247,-0.11708750440385585,-0.13335502153516765,-0.12515250488241342,0.016680374831485864,95
24,0.32102413177490235,0.01886732146222893,0.005325412750244141,0.0027472149497189896,0.8,0.06,8,100,reg:squarederror,0.9,"{'colsample_bytree': 0.8, 'learning_rate': 0.06, 'max_depth': 8, 'n_estimators': 100, 'objective': 'reg:squarederror', 'subsample': 0.9}",-0.11708715449951462,-0.10726747100011431,-0.10257489944368071,-0.12353941013817574,-0.10862972866701621,-0.15809701391253309,-0.15272595526655525,-0.1213121420189041,-0.11808606445298818,-0.12680892472617236,-0.12361287641256546,0.017491811703395758,38
25,0.3200821876525879,0.021900305204773308,0.003773403167724609,0.0012534929741027279,0.8,0.06,8,100,reg:squarederror,1.0,"{'colsample_bytree': 0.8, 'learning_rate': 0.06, 'max_depth': 8, 'n_estimators': 100, 'objective': 'reg:squarederror', 'subsample': 1.0}",-0.11812554795782322,-0.11010300258162624,-0.10429794228523082,-0.1254738108727362,-0.10833431021869346,-0.15629194644914482,-0.15368431401281799,-0.12339196584281498,-0.11787651762163004,-0.1296405705769011,-0.1247219928419419,0.01688724697132817,80
26,0.559130334854126,0.03662532815431007,0.00912315845489502,0.003488517133444886,0.8,0.06,8,200,reg:squarederror,0.9,"{'colsample_bytree': 0.8, 'learning_rate': 0.06, 'max_depth': 8, 'n_estimators': 200, 'objective': 'reg:squarederror', 'subsample': 0.9}",-0.11926714975453828,-0.10918026489460265,-0.10286986018112489,-0.12403497832662988,-0.10924119086807302,-0.1559126417408819,-0.154917376498128,-0.12128025851529779,-0.11902058930392884,-0.12761153854461527,-0.12433358486278205,0.017101911350391255,71
27,0.6198911905288697,0.03029184943293343,0.012214589118957519,0.0082807719542891,0.8,0.06,8,200,reg:squarederror,1.0,"{'colsample_bytree': 0.8, 'learning_rate': 0.06, 'max_depth': 8, 'n_estimators': 200, 'objective': 'reg:squarederror', 'subsample': 1.0}",-0.12152099947246926,-0.11102199930748313,-0.10420699179377377,-0.1263912759012169,-0.10940312892161763,-0.15482794683728715,-0.15658350315789107,-0.12294174486839435,-0.11947888805228009,-0.13181172443400843,-0.12581882027464217,0.016872087225016166,109
28,0.7595584154129028,0.02090020618043734,0.01218554973602295,0.008051416348953134,0.8,0.06,10,100,reg:squarederror,0.9,"{'colsample_bytree': 0.8, 'learning_rate': 0.06, 'max_depth': 10, 'n_estimators': 100, 'objective': 'reg:squarederror', 'subsample': 0.9}",-0.12278854002320322,-0.11218078769038783,-0.10473074886867305,-0.12811795957306876,-0.10716164904112375,-0.15682680816841213,-0.15430885111709272,-0.1247273475796978,-0.11908155154248358,-0.1311460802066225,-0.12610703238107654,0.0168539896647118,118
29,0.8117095470428467,0.03775501636202039,0.012521862983703613,0.0070797107602976,0.8,0.06,10,100,reg:squarederror,1.0,"{'colsample_bytree': 0.8, 'learning_rate': 0.06, 'max_depth': 10, 'n_estimators': 100, 'objective': 'reg:squarederror', 'subsample': 1.0}",-0.1190059782414547,-0.11252741406964746,-0.10640069068054424,-0.12583772243442415,-0.10943072468346089,-0.1592269725739427,-0.15576017662800956,-0.12445851749764501,-0.11794203788583886,-0.1298485984789806,-0.1260438833173948,0.017207342183580096,116
30,1.3297837495803833,0.045273497681920565,0.029506993293762208,0.010518942387997648,0.8,0.06,10,200,reg:squarederror,0.9,"{'colsample_bytree': 0.8, 'learning_rate': 0.06, 'max_depth': 10, 'n_estimators': 200, 'objective': 'reg:squarederror', 'subsample': 0.9}",-0.12392140880977054,-0.11557399560970306,-0.10671079657730313,-0.12938300054826446,-0.10835942084299938,-0.15678828506143971,-0.15581427639778958,-0.12447974481492881,-0.12010614787947024,-0.13256229105526504,-0.12736993675969338,0.016449573984458767,136
31,1.2016479969024658,0.06191155019611937,0.015498971939086914,0.005953200120376461,0.8,0.06,10,200,reg:squarederror,1.0,"{'colsample_bytree': 0.8, 'learning_rate': 0.06, 'max_depth': 10, 'n_estimators': 200, 'objective': 'reg:squarederror', 'subsample': 1.0}",-0.12122476576239188,-0.11370325230218697,-0.1076264141465555,-0.1264158809566335,-0.11032793311856218,-0.15931750593925692,-0.15779283857666726,-0.1241566125146244,-0.11915360858701016,-0.13055714312048652,-0.12702759550243753,0.017142660610937215,132
32,0.09121911525726319,0.01161969920410347,0.0018843889236450195,0.0008663398495060417,0.8,0.04,5,100,reg:squarederror,0.9,"{'colsample_bytree': 0.8, 'learning_rate': 0.04, 'max_depth': 5, 'n_estimators': 100, 'objective': 'reg:squarederror', 'subsample': 0.9}",-0.11882550176228093,-0.1092859871267525,-0.10832774632792357,-0.12554793247410354,-0.11416895930204231,-0.15675607387149562,-0.15356630322922152,-0.12302164857083898,-0.11890654429357556,-0.12883653340444454,-0.1257243230362679,0.015986334410568036,108
33,0.08319871425628662,0.00805089388574616,0.0027632951736450196,0.0014510538650912349,0.8,0.04,5,100,reg:squarederror,1.0,"{'colsample_bytree': 0.8, 'learning_rate': 0.04, 'max_depth': 5, 'n_estimators': 100, 'objective': 'reg:squarederror', 'subsample': 1.0}",-0.11930146107545929,-0.11030760562239993,-0.10930908532489796,-0.1262619141390993,-0.1148330241175743,-0.15858594345613014,-0.15606102416486736,-0.1236787806324673,-0.11880489789644874,-0.12816560831494322,-0.12653093447442873,0.01648943792463577,122
34,0.17923717498779296,0.015652420580231675,0.0035553932189941405,0.0015091568263804454,0.8,0.04,5,200,reg:squarederror,0.9,"{'colsample_bytree': 0.8, 'learning_rate': 0.04, 'max_depth': 5, 'n_estimators': 200, 'objective': 'reg:squarederror', 'subsample': 0.9}",-0.11655528228711896,-0.10728194100243313,-0.10635608214482122,-0.12204534524092314,-0.10963930585429595,-0.15107332995536468,-0.15018920037501954,-0.11880920517613683,-0.11530658283160752,-0.12839117590353694,-0.12256474507712581,0.015415308917845667,4
35,0.14743289947509766,0.01784532864002277,0.0029786348342895506,0.0015345842469877584,0.8,0.04,5,200,reg:squarederror,1.0,"{'colsample_bytree': 0.8, 'learning_rate': 0.04, 'max_depth': 5, 'n_estimators': 200, 'objective': 'reg:squarederror', 'subsample': 1.0}",-0.11666537548798905,-0.1084228063118955,-0.1080870573047222,-0.12423233032372531,-0.1106697420374039,-0.15539203445676256,-0.15195463129561854,-0.11838292197855041,-0.11637569091328069,-0.126341204934459,-0.1236523795044407,0.016088172404266497,39
36,0.1797102451324463,0.010008137169395854,0.0032199621200561523,0.0014860282339165445,0.8,0.04,7,100,reg:squarederror,0.9,"{'colsample_bytree': 0.8, 'learning_rate': 0.04, 'max_depth': 7, 'n_estimators': 100, 'objective': 'reg:squarederror', 'subsample': 0.9}",-0.11827536399916852,-0.10728791749413863,-0.10514948576226561,-0.12174457933626066,-0.10883847881749625,-0.15837165516710455,-0.15314498580830443,-0.12203645885044481,-0.11773967172592054,-0.12924189660330682,-0.12418304935644109,0.017330309238321066,62
37,0.17980098724365234,0.011994433679094316,0.004450678825378418,0.0021858575095892994,0.8,0.04,7,100,reg:squarederror,1.0,"{'colsample_bytree': 0.8, 'learning_rate': 0.04, 'max_depth': 7, 'n_estimators': 100, 'objective': 'reg:squarederror', 'subsample': 1.0}",-0.11944346014257981,-0.10882164552442433,-0.10492275858137276,-0.1245981962939053,-0.10934753895933096,-0.15561540013113342,-0.15456986291887662,-0.12081641546980412,-0.11814441496916574,-0.12910977437173182,-0.12453894673623249,0.01682800161245328,78
38,0.3543232917785645,0.020892974088110364,0.006961822509765625,0.0031291983174235615,0.8,0.04,7,200,reg:squarederror,0.9,"{'colsample_bytree': 0.8, 'learning_rate': 0.04, 'max_depth': 7, 'n_estimators': 200, 'objective': 'reg:squarederror', 'subsample': 0.9}",-0.11742281508703957,-0.10706557086765492,-0.10447355646012425,-0.11929661910248462,-0.10651455793900869,-0.1550690877917083,-0.15276359894548203,-0.1201474519810786,-0.11754524017679756,-0.1293228809068286,-0.12296213792582071,0.017046639258475153,16
39,0.36185479164123535,0.030388749259018487,0.007532930374145508,0.005075692579719227,0.8,0.04,7,200,reg:squarederror,1.0,"{'colsample_bytree': 0.8, 'learning_rate': 0.04, 'max_depth': 7, 'n_estimators': 200, 'objective': 'reg:squarederror', 'subsample': 1.0}",-0.11915111791264485,-0.10854029698988993,-0.10439139701741637,-0.12276476623817478,-0.10681053818945728,-0.1524943182092865,-0.15349488453894922,-0.11836817763657213,-0.11845228604108138,-0.13117565227400277,-0.12356434350474751,0.016546829734390152,36
40,0.30003857612609863,0.021287377912934995,0.0029020786285400392,0.0002911809688797986,0.8,0.04,8,100,reg:squarederror,0.9,"{'colsample_bytree': 0.8, 'learning_rate': 0.04, 'max_depth': 8, 'n_estimators': 100, 'objective': 'reg:squarederror', 'subsample': 0.9}",-0.11969644853372133,-0.10919347100394992,-0.10505521834078387,-0.12355360519353994,-0.10830729300576268,-0.15789971579157133,-0.15305120952748738,-0.12173755150524004,-0.11735243654491569,-0.1283537542604269,-0.1244200703707399,0.017037552034303287,73
41,0.30472650527954104,0.01044447059112054,0.004364156723022461,0.003216404118720493,0.8,0.04,8,100,reg:squarederror,1.0,"{'colsample_bytree': 0.8, 'learning_rate': 0.04, 'max_depth': 8, 'n_estimators': 100, 'objective': 'reg:squarederror', 'subsample': 1.0}",-0.11824501172380027,-0.10791139142175975,-0.10421932926871197,-0.12505642986484272,-0.1089498867158517,-0.15695663032838578,-0.1528578701252888,-0.1233574375202177,-0.11813517528036843,-0.12720946053270946,-0.12428986227819365,0.016953010783804293,68
42,0.5745981216430665,0.018761969976648567,0.008945965766906738,0.006337357279791566,0.8,0.04,8,200,reg:squarederror,0.9,"{'colsample_bytree': 0.8, 'learning_rate': 0.04, 'max_depth': 8, 'n_estimators': 200, 'objective': 'reg:squarederror', 'subsample': 0.9}",-0.1198036873763586,-0.1089147180745618,-0.10496286692519995,-0.12255279207185527,-0.10546865483987299,-0.15687727023390796,-0.15251106134023307,-0.11953791314750119,-0.11749312806580113,-0.12936455076794476,-0.12374866428432367,0.017138506927656626,41
43,0.5819430351257324,0.028036647372320055,0.01164107322692871,0.004869773632825002,0.8,0.04,8,200,reg:squarederror,1.0,"{'colsample_bytree': 0.8, 'learning_rate': 0.04, 'max_depth': 8, 'n_estimators': 200, 'objective': 'reg:squarederror', 'subsample': 1.0}",-0.11802189159543895,-0.1074698240763249,-0.10369209208435552,-0.1237473427845386,-0.10610538974242484,-0.1558008831684742,-0.15211592168899446,-0.12103017991354026,-0.11833585750783948,-0.1274417019622883,-0.12337610845242195,0.017006860386366278,30
44,0.725789213180542,0.02803297071316071,0.011254358291625976,0.006685882149867735,0.8,0.04,10,100,reg:squarederror,0.9,"{'colsample_bytree': 0.8, 'learning_rate': 0.04, 'max_depth': 10, 'n_estimators': 100, 'objective': 'reg:squarederror', 'subsample': 0.9}",-0.1224023417608147,-0.11019530395559703,-0.1043559053982927,-0.12425668405323355,-0.10988137183966579,-0.15846648753023412,-0.1536993201647702,-0.1253911522275819,-0.11951607541155733,-0.13031139347538867,-0.1258476035817136,0.016959188388856967,110
45,0.7845062494277955,0.026617300074221948,0.014530134201049805,0.009349317994208824,0.8,0.04,10,100,reg:squarederror,1.0,"{'colsample_bytree': 0.8, 'learning_rate': 0.04, 'max_depth': 10, 'n_estimators': 100, 'objective': 'reg:squarederror', 'subsample': 1.0}",-0.12247440062125137,-0.11146146412339994,-0.10549179561139725,-0.12750734428077096,-0.11054723428796982,-0.1597636318793215,-0.1565101356414735,-0.12666124328478195,-0.11977726774487168,-0.13072710531216133,-0.12709216227873993,0.01733745532867025,133
46,1.3954983234405518,0.04597905050718983,0.020534920692443847,0.004572686895655289,0.8,0.04,10,200,reg:squarederror,0.9,"{'colsample_bytree': 0.8, 'learning_rate': 0.04, 'max_depth': 10, 'n_estimators': 200, 'objective': 'reg:squarederror', 'subsample': 0.9}",-0.12151817621871634,-0.1111752681271605,-0.10359792505599462,-0.12488804765086664,-0.10818570562635692,-0.1571998004994373,-0.15406712424047328,-0.12357125733751957,-0.12004615558011085,-0.13108772811081348,-0.12553371884474496,0.016989840399974927,106
47,1.5051831245422362,0.08985520436238131,0.0237886905670166,0.007434328357249296,0.8,0.04,10,200,reg:squarederror,1.0,"{'colsample_bytree': 0.8, 'learning_rate': 0.04, 'max_depth': 10, 'n_estimators': 200, 'objective': 'reg:squarederror', 'subsample': 1.0}",-0.1228554688945307,-0.11199304769176747,-0.10547042132195036,-0.12697099754254124,-0.10905478612212206,-0.1582573967344537,-0.15692311699241626,-0.12469475644152796,-0.1194997405182579,-0.1311819191025176,-0.1266901651362085,0.01725819906088529,127
48,0.10624563694000244,0.016199676787821533,0.0022272825241088866,0.0009887253973602564,0.8,0.005,5,100,reg:squarederror,0.9,"{'colsample_bytree': 0.8, 'learning_rate': 0.005, 'max_depth': 5, 'n_estimators': 100, 'objective': 'reg:squarederror', 'subsample': 0.9}",-0.1962686220635159,-0.18054569636164905,-0.17024929540478495,-0.1910965709324513,-0.19565713054587783,-0.23616503807556374,-0.23349082607093288,-0.19642715785016548,-0.17748249255017773,-0.20455819276352383,-0.19819410226186426,0.02076810609345613,192
49,0.0871117115020752,0.010053373468688885,0.0026633739471435547,0.0008916310495191987,0.8,0.005,5,100,reg:squarederror,1.0,"{'colsample_bytree': 0.8, 'learning_rate': 0.005, 'max_depth': 5, 'n_estimators': 100, 'objective': 'reg:squarederror', 'subsample': 1.0}",-0.1965634325609395,-0.1802295115685382,-0.16966324286229667,-0.19130079616524243,-0.1954901590551546,-0.2362441650256834,-0.2332972417378484,-0.1963688901905641,-0.17777073673916552,-0.20438050581372944,-0.19813086817191622,0.02081571295325276,191
50,0.2770739793777466,0.08102523954705261,0.010470318794250488,0.009266020022517113,0.8,0.005,5,200,reg:squarederror,0.9,"{'colsample_bytree': 0.8, 'learning_rate': 0.005, 'max_depth': 5, 'n_estimators': 200, 'objective': 'reg:squarederror', 'subsample': 0.9}",-0.16458031342033505,-0.15148817407693496,-0.14382293053291065,-0.16470452965077298,-0.1639976377385711,-0.2060373917994262,-0.20250638391205064,-0.16759804663233302,-0.15273818000807485,-0.1744479786591388,-0.16919215664305484,0.019477491737554538,167
51,0.17225291728973388,0.020469571766293028,0.004767322540283203,0.002303775958027483,0.8,0.005,5,200,reg:squarederror,1.0,"{'colsample_bytree': 0.8, 'learning_rate': 0.005, 'max_depth': 5, 'n_estimators': 200, 'objective': 'reg:squarederror', 'subsample': 1.0}",-0.1648441387627968,-0.15135631981102504,-0.14370488929785843,-0.16459943295087456,-0.16418623693185347,-0.2060980944116655,-0.20310471096132385,-0.16791667984596476,-0.15326899892381562,-0.1743895071274806,-0.16934690090246585,0.019562289857684358,168
52,0.188177227973938,0.01714275181209321,0.003515172004699707,0.00120784913515896,0.8,0.005,7,100,reg:squarederror,0.9,"{'colsample_bytree': 0.8, 'learning_rate': 0.005, 'max_depth': 7, 'n_estimators': 100, 'objective': 'reg:squarederror', 'subsample': 0.9}",-0.19190694754430287,-0.17546072194032813,-0.16560721824625455,-0.18626167559572784,-0.1890123452510517,-0.23036625043762549,-0.22790856121641867,-0.19130003898951983,-0.1724827466342364,-0.1984466736199099,-0.19287531794753754,0.020466300607015885,190
53,0.19101972579956056,0.009686591153229326,0.0027830839157104493,0.001003661053030819,0.8,0.005,7,100,reg:squarederror,1.0,"{'colsample_bytree': 0.8, 'learning_rate': 0.005, 'max_depth': 7, 'n_estimators': 100, 'objective': 'reg:squarederror', 'subsample': 1.0}",-0.192009991480314,-0.17495781803675875,-0.1655964072344673,-0.18623821312933786,-0.1893592837033537,-0.22994716769777046,-0.2274865402264029,-0.1910414820456674,-0.1724064751042325,-0.19870545884629084,-0.19277488375045956,0.02037356896921353,189
54,0.44447827339172363,0.04586340146474486,0.013571500778198242,0.007254382969779904,0.8,0.005,7,200,reg:squarederror,0.9,"{'colsample_bytree': 0.8, 'learning_rate': 0.005, 'max_depth': 7, 'n_estimators': 200, 'objective': 'reg:squarederror', 'subsample': 0.9}",-0.1593649934027315,-0.14596234963193122,-0.13831170060391668,-0.15850682777946296,-0.15563350354633015,-0.1988270689592885,-0.19595978210875425,-0.16130754185181181,-0.14721648490710626,-0.16804701635748023,-0.16291372691488135,0.01906506913311458,165
55,0.4023308277130127,0.01580984399734507,0.008375716209411622,0.0038620417072818378,0.8,0.005,7,200,reg:squarederror,1.0,"{'colsample_bytree': 0.8, 'learning_rate': 0.005, 'max_depth': 7, 'n_estimators': 200, 'objective': 'reg:squarederror', 'subsample': 1.0}",-0.1595680026517152,-0.14567110997854482,-0.13881613780226112,-0.15866113836425988,-0.15613572679967808,-0.19842785241734218,-0.19587248048305306,-0.1609530180702823,-0.14699331300546592,-0.16854124901404613,-0.16296400285866486,0.018946507696948757,166
56,0.33629646301269533,0.02334085499691697,0.004410147666931152,0.0015383848927433136,0.8,0.005,8,100,reg:squarederror,0.9,"{'colsample_bytree': 0.8, 'learning_rate': 0.005, 'max_depth': 8, 'n_estimators': 100, 'objective': 'reg:squarederror', 'subsample': 0.9}",-0.19104179324196163,-0.1744622123651261,-0.16432978260604386,-0.1846936052809284,-0.18739085716690457,-0.22927451359591472,-0.22686500592242415,-0.1904123076822984,-0.1715481450709664,-0.19724216229502162,-0.191726038522759,0.02049694499852718,188
57,0.31916089057922364,0.019401942253653725,0.006425309181213379,0.004010797531648227,0.8,0.005,8,100,reg:squarederror,1.0,"{'colsample_bytree': 0.8, 'learning_rate': 0.005, 'max_depth': 8, 'n_estimators': 100, 'objective': 'reg:squarederror', 'subsample': 1.0}",-0.19114902054203012,-0.17413260630546254,-0.16436807585320243,-0.1849072317887773,-0.18788808726867226,-0.2287031969055741,-0.22628687101363215,-0.19030494467535106,-0.17156122840729957,-0.1971812439598942,-0.1916482506719896,0.020296908975450965,187
58,0.611336612701416,0.024391671488605788,0.010448813438415527,0.003630542796539726,0.8,0.005,8,200,reg:squarederror,0.9,"{'colsample_bytree': 0.8, 'learning_rate': 0.005, 'max_depth': 8, 'n_estimators': 200, 'objective': 'reg:squarederror', 'subsample': 0.9}",-0.15884981927381414,-0.14506663703709932,-0.13702399926293385,-0.15653892398134622,-0.15368356156036597,-0.19761832500926288,-0.19462061402389463,-0.16035863359393662,-0.14639465951726613,-0.16683998993306567,-0.16169951631929855,0.0190288265571252,163
59,0.6461045742034912,0.058260610874124964,0.011426186561584473,0.005065499403255332,0.8,0.005,8,200,reg:squarederror,1.0,"{'colsample_bytree': 0.8, 'learning_rate': 0.005, 'max_depth': 8, 'n_estimators': 200, 'objective': 'reg:squarederror', 'subsample': 1.0}",-0.15926909651301085,-0.14494915657547164,-0.13705613150665477,-0.15713535740126194,-0.1543442741350708,-0.1975323294359646,-0.19413631199820677,-0.1604450445222012,-0.1461951672133369,-0.16717756485235186,-0.1618240434153531,0.018912053662774334,164
60,0.7508907556533814,0.03503164010618069,0.00980205535888672,0.005861021151884596,0.8,0.005,10,100,reg:squarederror,0.9,"{'colsample_bytree': 0.8, 'learning_rate': 0.005, 'max_depth': 10, 'n_estimators': 100, 'objective': 'reg:squarederror', 'subsample': 0.9}",-0.190044663788434,-0.17341602631618253,-0.16307621726162644,-0.1835253669131083,-0.18591275154444317,-0.22853029933038596,-0.22539617238213353,-0.18965674323400775,-0.17043332079776272,-0.1959350595372191,-0.19059266211053033,0.02052000224764433,186
61,0.7374390125274658,0.030524483434098422,0.01000070571899414,0.005731486801291907,0.8,0.005,10,100,reg:squarederror,1.0,"{'colsample_bytree': 0.8, 'learning_rate': 0.005, 'max_depth': 10, 'n_estimators': 100, 'objective': 'reg:squarederror', 'subsample': 1.0}",-0.18983325638099485,-0.1729237601639336,-0.1634692473778614,-0.18378289424957917,-0.18606862477974517,-0.228366563862513,-0.22594796633293002,-0.1891396695074264,-0.17025410591402457,-0.1953634911840898,-0.19051495797530976,0.02056847089242181,185
62,1.4109113454818725,0.044392644847125295,0.026450324058532714,0.00578158672145147,0.8,0.005,10,200,reg:squarederror,0.9,"{'colsample_bytree': 0.8, 'learning_rate': 0.005, 'max_depth': 10, 'n_estimators': 200, 'objective': 'reg:squarederror', 'subsample': 0.9}",-0.15829919044668436,-0.14409697180014774,-0.13579099708197534,-0.1558886598586701,-0.1522502194004366,-0.1967984698632563,-0.19362718459298067,-0.16019664814703322,-0.14525708447751107,-0.16537052977684796,-0.16075759554455432,0.019089911825262665,161
63,1.4692519664764405,0.1261277528880532,0.019466757774353027,0.011198000441641839,0.8,0.005,10,200,reg:squarederror,1.0,"{'colsample_bytree': 0.8, 'learning_rate': 0.005, 'max_depth': 10, 'n_estimators': 200, 'objective': 'reg:squarederror', 'subsample': 1.0}",-0.15850233710357378,-0.14427882466163325,-0.1361530463770664,-0.15698550776061107,-0.15306716583317195,-0.1977445187644772,-0.19433885049406024,-0.16004744462906345,-0.14570022595535248,-0.1658997193064249,-0.16127176408854346,0.019240974211232477,162
64,0.11090006828308105,0.010210203392209601,0.0027270078659057616,0.0016943887271075454,0.9,0.05,5,100,reg:squarederror,0.9,"{'colsample_bytree': 0.9, 'learning_rate': 0.05, 'max_depth': 5, 'n_estimators': 100, 'objective': 'reg:squarederror', 'subsample': 0.9}",-0.1167762718429422,-0.10927924947593139,-0.10759436523736286,-0.12378570788416908,-0.11017989916710466,-0.15524730607968415,-0.15102831903083494,-0.11800352865197693,-0.11891966182917309,-0.12673207426840397,-0.12375463834675833,0.0158259994389398,42
65,0.1012531042098999,0.007567530710196451,0.0025614023208618162,0.0011027286111457972,0.9,0.05,5,100,reg:squarederror,1.0,"{'colsample_bytree': 0.9, 'learning_rate': 0.05, 'max_depth': 5, 'n_estimators': 100, 'objective': 'reg:squarederror', 'subsample': 1.0}",-0.11901722956619812,-0.10774909113048946,-0.10868696128008784,-0.1248284240617994,-0.11137105920085116,-0.15643442853948702,-0.15426301044369226,-0.11972581661578217,-0.11481805496382695,-0.12572845035162583,-0.12426225261538401,0.016602120700608798,67
66,0.20475690364837645,0.015235532459116269,0.004289674758911133,0.0017559371663965822,0.9,0.05,5,200,reg:squarederror,0.9,"{'colsample_bytree': 0.9, 'learning_rate': 0.05, 'max_depth': 5, 'n_estimators': 200, 'objective': 'reg:squarederror', 'subsample': 0.9}",-0.11625973505367725,-0.10883341616218514,-0.10638926740738898,-0.12261939258106816,-0.1095281326909036,-0.15320391546315212,-0.15028270230630855,-0.11624593326419237,-0.11802101888581006,-0.1257787723586579,-0.1227162286173344,0.015612886075089,9
67,0.1841151237487793,0.011172485165145348,0.0040199518203735355,0.001976246049275825,0.9,0.05,5,200,reg:squarederror,1.0,"{'colsample_bytree': 0.9, 'learning_rate': 0.05, 'max_depth': 5, 'n_estimators': 200, 'objective': 'reg:squarederror', 'subsample': 1.0}",-0.11889510902032882,-0.10685367368702248,-0.10940701527715566,-0.1246070850015578,-0.11100839463281022,-0.15523158751463217,-0.15333906955523893,-0.11957319315314588,-0.11506116272598528,-0.12534454811734166,-0.12393208386852188,0.01624689557618672,51
68,0.23657801151275634,0.009904990113239424,0.0042600870132446286,0.0017697942314255284,0.9,0.05,7,100,reg:squarederror,0.9,"{'colsample_bytree': 0.9, 'learning_rate': 0.05, 'max_depth': 7, 'n_estimators': 100, 'objective': 'reg:squarederror', 'subsample': 0.9}",-0.11646365483669678,-0.10799368566033338,-0.10404209979851649,-0.12308389965071131,-0.10768626470944444,-0.15332945102695142,-0.15397015238276027,-0.11793089359159778,-0.11473173633145872,-0.12622106485522916,-0.12254529028436997,0.016861869402682774,2
69,0.23646788597106932,0.006072164894818841,0.003622627258300781,0.0010307058710925493,0.9,0.05,7,100,reg:squarederror,1.0,"{'colsample_bytree': 0.9, 'learning_rate': 0.05, 'max_depth': 7, 'n_estimators': 100, 'objective': 'reg:squarederror', 'subsample': 1.0}",-0.12045260260365674,-0.10622144269199395,-0.10413785771395526,-0.12507226943896155,-0.1084606237407624,-0.15412171277760325,-0.1517843413508141,-0.11851140879424374,-0.11553396658238536,-0.12889448768913078,-0.12331907133835071,0.016631875216680074,27
70,0.43492918014526366,0.011919746808470338,0.00492711067199707,0.0013578416532906749,0.9,0.05,7,200,reg:squarederror,0.9,"{'colsample_bytree': 0.9, 'learning_rate': 0.05, 'max_depth': 7, 'n_estimators': 200, 'objective': 'reg:squarederror', 'subsample': 0.9}",-0.11755557957264823,-0.1095845591611484,-0.1038704062395606,-0.1233080871466714,-0.10795498357354075,-0.15382684159155888,-0.15457659705093485,-0.11731071566672513,-0.11672730539058915,-0.12685790651827425,-0.12315729819116517,0.016839628482548427,21
71,0.42265493869781495,0.022329879650330422,0.005675506591796875,0.0019411067181573597,0.9,0.05,7,200,reg:squarederror,1.0,"{'colsample_bytree': 0.9, 'learning_rate': 0.05, 'max_depth': 7, 'n_estimators': 200, 'objective': 'reg:squarederror', 'subsample': 1.0}",-0.12506203811791974,-0.10811870105943291,-0.1043583810462058,-0.12605036951842616,-0.1094569829204399,-0.15105651734328124,-0.15300605421876098,-0.11737889183667281,-0.11677689413265221,-0.1299750716127549,-0.12412399018065465,0.015999395382223107,56
72,0.364552640914917,0.015339604935906095,0.004439449310302735,0.0019353099061813776,0.9,0.05,8,100,reg:squarederror,0.9,"{'colsample_bytree': 0.9, 'learning_rate': 0.05, 'max_depth': 8, 'n_estimators': 100, 'objective': 'reg:squarederror', 'subsample': 0.9}",-0.11984319441272512,-0.1071265062865087,-0.10562505720696588,-0.12295532864536597,-0.10949896723837131,-0.15511050524661044,-0.15267353197179673,-0.11884630792184019,-0.11755826155035759,-0.1283796714838687,-0.12376173319644106,0.016515777169624418,43
73,0.364896821975708,0.019778238208317284,0.00599360466003418,0.0034112836599954482,0.9,0.05,8,100,reg:squarederror,1.0,"{'colsample_bytree': 0.9, 'learning_rate': 0.05, 'max_depth': 8, 'n_estimators': 100, 'objective': 'reg:squarederror', 'subsample': 1.0}",-0.12156885117802155,-0.11294972369319482,-0.10393103698228125,-0.12288230910738634,-0.10718335910468527,-0.15570816656912712,-0.155007237951375,-0.11977298555726082,-0.11741094836919548,-0.12572818817327425,-0.1242142806685802,0.016868605066648282,64
74,0.6694753885269165,0.024829621371926396,0.009148573875427246,0.005439357921783721,0.9,0.05,8,200,reg:squarederror,0.9,"{'colsample_bytree': 0.9, 'learning_rate': 0.05, 'max_depth': 8, 'n_estimators': 200, 'objective': 'reg:squarederror', 'subsample': 0.9}",-0.12156768760714061,-0.10941425273479184,-0.10725981286742452,-0.12289955449328407,-0.11058154428273363,-0.15408542633714292,-0.1530857344691683,-0.11955622526087854,-0.11915271916976185,-0.13070465737475948,-0.12483076145970858,0.015851078334313824,86
75,0.6740569353103638,0.02821603738774131,0.009138178825378419,0.0033041336619098827,0.9,0.05,8,200,reg:squarederror,1.0,"{'colsample_bytree': 0.9, 'learning_rate': 0.05, 'max_depth': 8, 'n_estimators': 200, 'objective': 'reg:squarederror', 'subsample': 1.0}",-0.12449186681345639,-0.11578226043720377,-0.10536896549196571,-0.12340920633827963,-0.10797790708343731,-0.15561763378400204,-0.1554843280553223,-0.11894295069889149,-0.11968733492819801,-0.12826480528639747,-0.12550272589171543,0.016439775977262455,104
76,0.8251991987228393,0.03166457531051958,0.008531975746154784,0.004491298562399624,0.9,0.05,10,100,reg:squarederror,0.9,"{'colsample_bytree': 0.9, 'learning_rate': 0.05, 'max_depth': 10, 'n_estimators': 100, 'objective': 'reg:squarederror', 'subsample': 0.9}",-0.1198735957809573,-0.11190823913796696,-0.10397523280298183,-0.12431102566282522,-0.10914422862774023,-0.15869039159929355,-0.15542814238398686,-0.12115035168247348,-0.11926584044660751,-0.12861873807255356,-0.12523657861973866,0.017357262208171097,98
77,0.8686822652816772,0.030267281073121294,0.007249140739440918,0.0028938692651593366,0.9,0.05,10,100,reg:squarederror,1.0,"{'colsample_bytree': 0.9, 'learning_rate': 0.05, 'max_depth': 10, 'n_estimators': 100, 'objective': 'reg:squarederror', 'subsample': 1.0}",-0.12009267426685909,-0.11285498566138663,-0.10418330748738808,-0.12556843707863047,-0.1091394036286853,-0.15709846221330753,-0.15836901275821527,-0.12516312353322845,-0.11794944320781814,-0.12474557283295729,-0.1255164422668476,0.017457767327423143,105
78,1.498892116546631,0.0370002465514813,0.020449113845825196,0.008076025746384453,0.9,0.05,10,200,reg:squarederror,0.9,"{'colsample_bytree': 0.9, 'learning_rate': 0.05, 'max_depth': 10, 'n_estimators': 200, 'objective': 'reg:squarederror', 'subsample': 0.9}",-0.12238555367898106,-0.11358699426982814,-0.10491099566978968,-0.1259632193110188,-0.11012534946840856,-0.15886603976221897,-0.15727876110729028,-0.1224393821546778,-0.12082414672994835,-0.12962087792661342,-0.12660013200787754,0.01723778702353218,124
79,1.4651023626327515,0.06430959034527928,0.015235304832458496,0.006355905542182769,0.9,0.05,10,200,reg:squarederror,1.0,"{'colsample_bytree': 0.9, 'learning_rate': 0.05, 'max_depth': 10, 'n_estimators': 200, 'objective': 'reg:squarederror', 'subsample': 1.0}",-0.12158157739112055,-0.11515423990221597,-0.10601504197124889,-0.12655476225796247,-0.11087775003490684,-0.15668952111936704,-0.1609183924999468,-0.12589595143826496,-0.11992026885363943,-0.12572610445851717,-0.126933360992719,0.017190171356335854,130
80,0.10684645175933838,0.011983602557865396,0.00494234561920166,0.004380790643044677,0.9,0.06,5,100,reg:squarederror,0.9,"{'colsample_bytree': 0.9, 'learning_rate': 0.06, 'max_depth': 5, 'n_estimators': 100, 'objective': 'reg:squarederror', 'subsample': 0.9}",-0.11640590995499184,-0.1081040685831546,-0.10693450710036989,-0.12471994978824914,-0.11022297432085644,-0.15510000845547192,-0.15172989406194884,-0.11731773571463926,-0.11635566404140531,-0.12479210005471422,-0.12316828120758014,0.01620142768781223,22
81,0.10717527866363526,0.014942958577511975,0.0029585838317871095,0.0014154499246185432,0.9,0.06,5,100,reg:squarederror,1.0,"{'colsample_bytree': 0.9, 'learning_rate': 0.06, 'max_depth': 5, 'n_estimators': 100, 'objective': 'reg:squarederror', 'subsample': 1.0}",-0.11474470512405668,-0.10765714780210299,-0.10812680681147616,-0.12411074467894008,-0.11063885672335089,-0.15531484237710003,-0.152060272294582,-0.1201869141111044,-0.11575707236456224,-0.12539788846232533,-0.12339952507496008,0.01622366198609666,32
82,0.19685671329498292,0.008110905646483037,0.003314709663391113,0.0007782870776208863,0.9,0.06,5,200,reg:squarederror,0.9,"{'colsample_bytree': 0.9, 'learning_rate': 0.06, 'max_depth': 5, 'n_estimators': 200, 'objective': 'reg:squarederror', 'subsample': 0.9}",-0.11608832409458972,-0.10766421584298404,-0.10683090470471546,-0.12332663129695508,-0.10996939158336923,-0.15363527693661683,-0.1514601135437281,-0.1167420777642477,-0.11646777470405884,-0.12431209263333766,-0.12264968031046027,0.015953447238989286,8
83,0.18842606544494628,0.010923664374588941,0.003824734687805176,0.0009533299268333088,0.9,0.06,5,200,reg:squarederror,1.0,"{'colsample_bytree': 0.9, 'learning_rate': 0.06, 'max_depth': 5, 'n_estimators': 200, 'objective': 'reg:squarederror', 'subsample': 1.0}",-0.11332433262601936,-0.10838255082093608,-0.1084735708397649,-0.12383167238074529,-0.11032871018409299,-0.15352522346256678,-0.15187275567557254,-0.11955319465174244,-0.1171886723530239,-0.12451608645022123,-0.12309967694446855,0.0157887150059514,19
84,0.22406210899353027,0.016265522827591968,0.0032273054122924803,0.0009227640402550535,0.9,0.06,7,100,reg:squarederror,0.9,"{'colsample_bytree': 0.9, 'learning_rate': 0.06, 'max_depth': 7, 'n_estimators': 100, 'objective': 'reg:squarederror', 'subsample': 0.9}",-0.11653391496855782,-0.10848090543904775,-0.10430821044436611,-0.12241356645352994,-0.10769799929541328,-0.15509371187839346,-0.15124120559364926,-0.11582884512117098,-0.1174810017881499,-0.12717793708095124,-0.12262572980632296,0.016619277074264423,6
85,0.24489164352416992,0.018768544923413604,0.0039313316345214845,0.0015453583712283362,0.9,0.06,7,100,reg:squarederror,1.0,"{'colsample_bytree': 0.9, 'learning_rate': 0.06, 'max_depth': 7, 'n_estimators': 100, 'objective': 'reg:squarederror', 'subsample': 1.0}",-0.12216266577030839,-0.11040620879053531,-0.10546779597808704,-0.12650150306031985,-0.10815210726722436,-0.15402777423769926,-0.15474569778109049,-0.11905736000663228,-0.1176748519814588,-0.12654738205692725,-0.1244743346930283,0.0164458637069295,76
86,0.4380659103393555,0.011298060069993562,0.005631685256958008,0.0014164170917591143,0.9,0.06,7,200,reg:squarederror,0.9,"{'colsample_bytree': 0.9, 'learning_rate': 0.06, 'max_depth': 7, 'n_estimators': 200, 'objective': 'reg:squarederror', 'subsample': 0.9}",-0.11871040482573389,-0.11103517194086714,-0.10509018985128643,-0.12134112404056857,-0.10913021918657963,-0.15452164245074865,-0.15172577627280434,-0.11546672366894103,-0.11787102109702079,-0.12825192328586532,-0.12331441966204157,0.016142727988679436,25
87,0.4423806190490723,0.016458554711010105,0.005999898910522461,0.0015694957841496124,0.9,0.06,7,200,reg:squarederror,1.0,"{'colsample_bytree': 0.9, 'learning_rate': 0.06, 'max_depth': 7, 'n_estimators': 200, 'objective': 'reg:squarederror', 'subsample': 1.0}",-0.12373644154926293,-0.11200076774355144,-0.10676841959173126,-0.12750250477455025,-0.10876715417796563,-0.15320655916596987,-0.15549247919613832,-0.11767457167392258,-0.12028008727158346,-0.12911107090855495,-0.12545400560532308,0.01609010687963398,102
88,0.3605805397033691,0.017373895574275027,0.0046558380126953125,0.0021060824312918334,0.9,0.06,8,100,reg:squarederror,0.9,"{'colsample_bytree': 0.9, 'learning_rate': 0.06, 'max_depth': 8, 'n_estimators': 100, 'objective': 'reg:squarederror', 'subsample': 0.9}",-0.1190797108793786,-0.11046943017324873,-0.10768331910792775,-0.12104509854343395,-0.10939998616497935,-0.1537677749195601,-0.1540864568239071,-0.11807526325520235,-0.11814457319585031,-0.12692813954220378,-0.12386797526056918,0.01601410321902026,50
89,0.3700809717178345,0.009059481013801631,0.003859257698059082,0.001208809641850025,0.9,0.06,8,100,reg:squarederror,1.0,"{'colsample_bytree': 0.9, 'learning_rate': 0.06, 'max_depth': 8, 'n_estimators': 100, 'objective': 'reg:squarederror', 'subsample': 1.0}",-0.11987825018531433,-0.10991772964942369,-0.10241344991963844,-0.1251839241604899,-0.1090692416370128,-0.15490657479304154,-0.15101732531350964,-0.12129430953670381,-0.11854945029010175,-0.12905723747893208,-0.12412874929641679,0.01628864297143075,57
90,0.6891564130783081,0.01858072694834885,0.00763406753540039,0.00427013936335008,0.9,0.06,8,200,reg:squarederror,0.9,"{'colsample_bytree': 0.9, 'learning_rate': 0.06, 'max_depth': 8, 'n_estimators': 200, 'objective': 'reg:squarederror', 'subsample': 0.9}",-0.12063449929938518,-0.11231848076945122,-0.10855651355866026,-0.12194299579030553,-0.11009026532420603,-0.1535181180585851,-0.15457953803715394,-0.1183044501323505,-0.11957307936257906,-0.12809550880505902,-0.1247613449137736,0.015663456934978608,81
91,0.6905172824859619,0.02448552941553951,0.007055020332336426,0.002500048722434239,0.9,0.06,8,200,reg:squarederror,1.0,"{'colsample_bytree': 0.9, 'learning_rate': 0.06, 'max_depth': 8, 'n_estimators': 200, 'objective': 'reg:squarederror', 'subsample': 1.0}",-0.12169146804799637,-0.11185087873109187,-0.10398286568059939,-0.12515184039917493,-0.10992444918548952,-0.15456790730663092,-0.15140088773072358,-0.12169352977333983,-0.12141214533678216,-0.13146778674058293,-0.12531437589324115,0.015775862581476865,100
92,0.7895031213760376,0.00887792179593189,0.008681201934814453,0.003186487823582242,0.9,0.06,10,100,reg:squarederror,0.9,"{'colsample_bytree': 0.9, 'learning_rate': 0.06, 'max_depth': 10, 'n_estimators': 100, 'objective': 'reg:squarederror', 'subsample': 0.9}",-0.12078018381736087,-0.11376507164298116,-0.10576394034978752,-0.1244490201242042,-0.11119673812050315,-0.15647401956968646,-0.15630527296174965,-0.12168773395018183,-0.11957459154437261,-0.1300070290181991,-0.12600036010990265,0.01652571751688476,114
93,0.8293760538101196,0.02165290639928332,0.008411216735839843,0.005149813265415061,0.9,0.06,10,100,reg:squarederror,1.0,"{'colsample_bytree': 0.9, 'learning_rate': 0.06, 'max_depth': 10, 'n_estimators': 100, 'objective': 'reg:squarederror', 'subsample': 1.0}",-0.12253359386454477,-0.111182987787731,-0.1067403556941605,-0.12400174054035393,-0.110488669664612,-0.15877180543124042,-0.15765127485836186,-0.12512124964242988,-0.11946483292078222,-0.13007352941964423,-0.12660300398238608,0.01726070878340557,125
94,1.5034046649932862,0.04217197698712222,0.021355104446411134,0.007727980750190416,0.9,0.06,10,200,reg:squarederror,0.9,"{'colsample_bytree': 0.9, 'learning_rate': 0.06, 'max_depth': 10, 'n_estimators': 200, 'objective': 'reg:squarederror', 'subsample': 0.9}",-0.12269979560341883,-0.11602189147665372,-0.1072936022914799,-0.12657586278781952,-0.11305945511793565,-0.15560012586955138,-0.15872949539130826,-0.12344486771386749,-0.12188235708366307,-0.13156313516667473,-0.1276870588502373,0.016129260476777717,138
95,1.5283411979675292,0.04704777572294924,0.022500205039978027,0.00950196233282414,0.9,0.06,10,200,reg:squarederror,1.0,"{'colsample_bytree': 0.9, 'learning_rate': 0.06, 'max_depth': 10, 'n_estimators': 200, 'objective': 'reg:squarederror', 'subsample': 1.0}",-0.12413144313572315,-0.11327179618115026,-0.10715869329648749,-0.12582065669608364,-0.1118013467174984,-0.15697012561002707,-0.15952697632916707,-0.12702540491597775,-0.12075575766356131,-0.13194132408487938,-0.12784035246305558,0.01683840298117256,139
96,0.11469969749450684,0.008616938085683775,0.0022347688674926756,0.0007401369082320571,0.9,0.04,5,100,reg:squarederror,0.9,"{'colsample_bytree': 0.9, 'learning_rate': 0.04, 'max_depth': 5, 'n_estimators': 100, 'objective': 'reg:squarederror', 'subsample': 0.9}",-0.11739193467619365,-0.11006188587750779,-0.10758950294399952,-0.12406329720647655,-0.11138982473486211,-0.15519261677111387,-0.1542978945027815,-0.11955448182282209,-0.11817596591566448,-0.12692734598884894,-0.12446447504402705,0.016178066120762752,74
97,0.10829761028289794,0.009223746762402832,0.003074169158935547,0.0012380132284705787,0.9,0.04,5,100,reg:squarederror,1.0,"{'colsample_bytree': 0.9, 'learning_rate': 0.04, 'max_depth': 5, 'n_estimators': 100, 'objective': 'reg:squarederror', 'subsample': 1.0}",-0.11685567282191256,-0.10870864125332386,-0.10857808754923562,-0.12610392735640563,-0.11222979358909324,-0.15776276362759437,-0.15528105439760578,-0.12104258753958325,-0.11683338409415156,-0.12659902055108332,-0.12499949327799893,0.016855168346123404,89
98,0.25253055095672605,0.022179704822428713,0.005267047882080078,0.0019054754930008647,0.9,0.04,5,200,reg:squarederror,0.9,"{'colsample_bytree': 0.9, 'learning_rate': 0.04, 'max_depth': 5, 'n_estimators': 200, 'objective': 'reg:squarederror', 'subsample': 0.9}",-0.11672710455619002,-0.10877851079441367,-0.10671391851325872,-0.12205659272760616,-0.10886282984789043,-0.152285501334276,-0.1527821355898019,-0.1176906681373661,-0.11680179480784603,-0.12368796147935258,-0.12263870177880018,0.015868134382873,7
99,0.24315991401672363,0.03311303283376431,0.005319833755493164,0.0018821029018491451,0.9,0.04,5,200,reg:squarederror,1.0,"{'colsample_bytree': 0.9, 'learning_rate': 0.04, 'max_depth': 5, 'n_estimators': 200, 'objective': 'reg:squarederror', 'subsample': 1.0}",-0.11536964032470795,-0.10728927963911096,-0.10948559389862358,-0.12535113022891617,-0.11035313160864224,-0.15519683718967808,-0.1526071274517728,-0.11865024241186024,-0.11572564631976658,-0.12602396822306866,-0.12360525972961474,0.01625944437145071,37
100,0.26514420509338377,0.02360291531954076,0.0036791086196899412,0.001967625335697351,0.9,0.04,7,100,reg:squarederror,0.9,"{'colsample_bytree': 0.9, 'learning_rate': 0.04, 'max_depth': 7, 'n_estimators': 100, 'objective': 'reg:squarederror', 'subsample': 0.9}",-0.11622391604962808,-0.10658003230828919,-0.10490238796430455,-0.12226112355082731,-0.10828992505011557,-0.1554599336170722,-0.1524599704776907,-0.11730979550306492,-0.11756220940941632,-0.12478106343324084,-0.122583035736365,0.016866846762833548,5
101,0.2417060375213623,0.0132339290574286,0.004078960418701172,0.0014748768099088283,0.9,0.04,7,100,reg:squarederror,1.0,"{'colsample_bytree': 0.9, 'learning_rate': 0.04, 'max_depth': 7, 'n_estimators': 100, 'objective': 'reg:squarederror', 'subsample': 1.0}",-0.11986615392612658,-0.10779440028093926,-0.10506293068885783,-0.12347322012962468,-0.10898659669438085,-0.1548299374535874,-0.15400515956254607,-0.1193300221358256,-0.11551410926088979,-0.12818217926622513,-0.12370447093990031,0.016808430751786667,40
102,0.47121505737304686,0.026526749989923968,0.007947063446044922,0.0031723919266655938,0.9,0.04,7,200,reg:squarederror,0.9,"{'colsample_bytree': 0.9, 'learning_rate': 0.04, 'max_depth': 7, 'n_estimators': 200, 'objective': 'reg:squarederror', 'subsample': 0.9}",-0.11701658221044017,-0.10760524453407856,-0.10499497135948845,-0.12242231147701696,-0.10769778651476691,-0.15272880043387335,-0.15264451598184853,-0.1156172802904812,-0.11837373801171572,-0.1254180588025024,-0.12245192896162124,0.016348765229499084,1
103,0.49298646450042727,0.020945726742785765,0.007674264907836914,0.0032126514574007097,0.9,0.04,7,200,reg:squarederror,1.0,"{'colsample_bytree': 0.9, 'learning_rate': 0.04, 'max_depth': 7, 'n_estimators': 200, 'objective': 'reg:squarederror', 'subsample': 1.0}",-0.12370595146915472,-0.10934756714705643,-0.10530177779378302,-0.1228201432657352,-0.10828746309426128,-0.15241974704558173,-0.15276347833532358,-0.11811586233689851,-0.11776689393325725,-0.1273047207888379,-0.12378336052098896,0.01591108385013969,44
104,0.4100716829299927,0.03189594374281874,0.005869460105895996,0.00293072300988558,0.9,0.04,8,100,reg:squarederror,0.9,"{'colsample_bytree': 0.9, 'learning_rate': 0.04, 'max_depth': 8, 'n_estimators': 100, 'objective': 'reg:squarederror', 'subsample': 0.9}",-0.11808807886442371,-0.10893185527404936,-0.10551566801735182,-0.12180709055955798,-0.10853240016607886,-0.1546140219174086,-0.15382865250813818,-0.11992699136704867,-0.11694838208700759,-0.1272731768596125,-0.12354663176206773,0.01658211580096136,35
105,0.4034752368927002,0.014623613416988559,0.0055552244186401365,0.0022141644575927864,0.9,0.04,8,100,reg:squarederror,1.0,"{'colsample_bytree': 0.9, 'learning_rate': 0.04, 'max_depth': 8, 'n_estimators': 100, 'objective': 'reg:squarederror', 'subsample': 1.0}",-0.12081869055558447,-0.11123447911737647,-0.10365317920636931,-0.1254911895593017,-0.10830733862187039,-0.156265117271184,-0.15062176399295135,-0.12096338211190022,-0.11634630095560146,-0.12861756436015503,-0.12423190057522944,0.016352051940832463,65
106,0.7281351804733276,0.01075971862201572,0.010463142395019531,0.004597630778606768,0.9,0.04,8,200,reg:squarederror,0.9,"{'colsample_bytree': 0.9, 'learning_rate': 0.04, 'max_depth': 8, 'n_estimators': 200, 'objective': 'reg:squarederror', 'subsample': 0.9}",-0.11961324224122613,-0.11028583454810392,-0.1050344946364079,-0.12289770103586428,-0.10904476494487504,-0.15343234479774304,-0.15524902672716126,-0.11973989161481843,-0.11792524313235082,-0.12858684861385472,-0.12418093922924056,0.016463335221744136,61
107,0.7473925590515137,0.031451229601632776,0.008365345001220704,0.002760519874188721,0.9,0.04,8,200,reg:squarederror,1.0,"{'colsample_bytree': 0.9, 'learning_rate': 0.04, 'max_depth': 8, 'n_estimators': 200, 'objective': 'reg:squarederror', 'subsample': 1.0}",-0.12435700366805645,-0.11329167502564787,-0.10325328590375252,-0.12563053716720457,-0.10836812638005672,-0.15311729632610002,-0.15118412255393937,-0.11915232040202474,-0.11846452919443363,-0.1310977834902342,-0.12479166801114501,0.015739383699685455,83
108,0.8958333969116211,0.03831980504842188,0.013028907775878906,0.00946095854823957,0.9,0.04,10,100,reg:squarederror,0.9,"{'colsample_bytree': 0.9, 'learning_rate': 0.04, 'max_depth': 10, 'n_estimators': 100, 'objective': 'reg:squarederror', 'subsample': 0.9}",-0.11837753662140896,-0.11088992413641358,-0.10350840711029671,-0.12308881305197503,-0.10825944416266133,-0.15614015098024944,-0.15510836450429627,-0.12141106029606431,-0.11623402539077662,-0.12864640716606937,-0.12416641334202116,0.01720764860638587,59
109,0.9225350618362427,0.04229613801596093,0.0102677583694458,0.0051092819542068995,0.9,0.04,10,100,reg:squarederror,1.0,"{'colsample_bytree': 0.9, 'learning_rate': 0.04, 'max_depth': 10, 'n_estimators': 100, 'objective': 'reg:squarederror', 'subsample': 1.0}",-0.12059307205574618,-0.11168827657658388,-0.10424812516826946,-0.1237761987193407,-0.11117622616433856,-0.15954038968179232,-0.15713605442336026,-0.12473232583764557,-0.11918577223600613,-0.12654683622618024,-0.1258623277089263,0.017534125968602123,111
110,1.6030072212219237,0.03910069065457905,0.016648507118225096,0.0039477448407013015,0.9,0.04,10,200,reg:squarederror,0.9,"{'colsample_bytree': 0.9, 'learning_rate': 0.04, 'max_depth': 10, 'n_estimators': 200, 'objective': 'reg:squarederror', 'subsample': 0.9}",-0.12021329496414164,-0.1121695374389678,-0.10395542224816381,-0.12426182141904507,-0.10823874620797352,-0.1550331605716161,-0.15676980887578912,-0.12167310380912788,-0.11734383339553821,-0.13050077292742548,-0.12501595018577885,0.01709720643164004,90
111,1.7412408113479614,0.07417431853088939,0.023314142227172853,0.007235094824191815,0.9,0.04,10,200,reg:squarederror,1.0,"{'colsample_bytree': 0.9, 'learning_rate': 0.04, 'max_depth': 10, 'n_estimators': 200, 'objective': 'reg:squarederror', 'subsample': 1.0}",-0.12211048973988624,-0.11384103795754881,-0.10487319199741663,-0.12430268580840874,-0.1128637306237352,-0.15787195904254567,-0.15887436553556436,-0.12511533549954268,-0.1205641505048661,-0.12790289335425112,-0.12683198400637655,0.01705382337136985,129
112,0.17952587604522705,0.04179632442741509,0.004354262351989746,0.0038550385551225416,0.9,0.005,5,100,reg:squarederror,0.9,"{'colsample_bytree': 0.9, 'learning_rate': 0.005, 'max_depth': 5, 'n_estimators': 100, 'objective': 'reg:squarederror', 'subsample': 0.9}",-0.18530880302397942,-0.17091394015223899,-0.16169658333310838,-0.18198610673221613,-0.1852720118636962,-0.22605691851136936,-0.22307121091170112,-0.18701773588161336,-0.17016462149835931,-0.1942184690724436,-0.18857064009807256,0.020167925151150227,183
113,0.13810925483703612,0.032580317493307275,0.005612421035766602,0.010861759478360556,0.9,0.005,5,100,reg:squarederror,1.0,"{'colsample_bytree': 0.9, 'learning_rate': 0.005, 'max_depth': 5, 'n_estimators': 100, 'objective': 'reg:squarederror', 'subsample': 1.0}",-0.18584353710072485,-0.1708808239279636,-0.16107599337507886,-0.18211529177084917,-0.18546350419439725,-0.22646921396967504,-0.22297825525605935,-0.18720521251414904,-0.17024567165921875,-0.19467577411189121,-0.1886953277880007,0.020304236097726414,184
114,0.23105063438415527,0.016380268114304552,0.004285240173339843,0.0019194222656063007,0.9,0.005,5,200,reg:squarederror,0.9,"{'colsample_bytree': 0.9, 'learning_rate': 0.005, 'max_depth': 5, 'n_estimators': 200, 'objective': 'reg:squarederror', 'subsample': 0.9}",-0.15236803465705043,-0.14040844659770071,-0.13504714587559935,-0.15463989701941072,-0.15202377563582484,-0.1948103896346643,-0.19095422213588217,-0.1567994689638061,-0.1448798827626158,-0.16275292528443877,-0.15846841885669932,0.01884139399331179,159
115,0.21784710884094238,0.01588081126544868,0.003685402870178223,0.0009011328368408202,0.9,0.005,5,200,reg:squarederror,1.0,"{'colsample_bytree': 0.9, 'learning_rate': 0.005, 'max_depth': 5, 'n_estimators': 200, 'objective': 'reg:squarederror', 'subsample': 1.0}",-0.15269060306014418,-0.1403226445126517,-0.13466128602029595,-0.1546122431823694,-0.15192060081725117,-0.19497642718780364,-0.19085335784784455,-0.15706831740181773,-0.14484210166997954,-0.16276333279802965,-0.15847109144981875,0.018907347333722735,160
116,0.2551510095596313,0.01956206319931044,0.00455935001373291,0.0017521714040144589,0.9,0.005,7,100,reg:squarederror,0.9,"{'colsample_bytree': 0.9, 'learning_rate': 0.005, 'max_depth': 7, 'n_estimators': 100, 'objective': 'reg:squarederror', 'subsample': 0.9}",-0.179311090832348,-0.16449900138538784,-0.15562206324630187,-0.17557801945105941,-0.17696738767700834,-0.21802330379508061,-0.21565611087448822,-0.18036396501795518,-0.16388313149962333,-0.18630225864230912,-0.18162063324215622,0.019632268696342305,179
117,0.2665074825286865,0.0171219834568946,0.0035630464553833008,0.0008914065641953892,0.9,0.005,7,100,reg:squarederror,1.0,"{'colsample_bytree': 0.9, 'learning_rate': 0.005, 'max_depth': 7, 'n_estimators': 100, 'objective': 'reg:squarederror', 'subsample': 1.0}",-0.17989865179103434,-0.16393504785234259,-0.15554544217530888,-0.1761370126545891,-0.17697706880279207,-0.21743731736632324,-0.21582376540633258,-0.18116892126468384,-0.16424014552326005,-0.18620272133255852,-0.18173660941692255,0.019552823480016253,180
118,0.5380872011184692,0.029002982290549,0.010474109649658203,0.00963678217204113,0.9,0.005,7,200,reg:squarederror,0.9,"{'colsample_bytree': 0.9, 'learning_rate': 0.005, 'max_depth': 7, 'n_estimators': 200, 'objective': 'reg:squarederror', 'subsample': 0.9}",-0.1460102110480494,-0.13391982584111284,-0.1280567893326966,-0.14721688316948986,-0.14286424610715487,-0.18584128363476635,-0.18336084349257734,-0.14951506854103486,-0.13820431789400936,-0.15525554231396327,-0.15102450113748547,0.01835402162840256,155
119,0.6048225879669189,0.03728321785666743,0.008026385307312011,0.003948573940770627,0.9,0.005,7,200,reg:squarederror,1.0,"{'colsample_bytree': 0.9, 'learning_rate': 0.005, 'max_depth': 7, 'n_estimators': 200, 'objective': 'reg:squarederror', 'subsample': 1.0}",-0.1465846171549577,-0.13342007292367908,-0.1285029205273895,-0.14789722039430425,-0.14315110063297673,-0.18483880962427987,-0.18378099986273344,-0.15001293706550345,-0.1392121225339671,-0.15504965298076664,-0.15124504537005576,0.01811432318122764,156
120,0.39687166213989256,0.018854177554714954,0.005760812759399414,0.003174415456161875,0.9,0.005,8,100,reg:squarederror,0.9,"{'colsample_bytree': 0.9, 'learning_rate': 0.005, 'max_depth': 8, 'n_estimators': 100, 'objective': 'reg:squarederror', 'subsample': 0.9}",-0.1784915781721766,-0.16336027248251325,-0.15412956930775615,-0.17396864741893453,-0.1752947914288931,-0.21691824128825404,-0.214219566144686,-0.17885522768401593,-0.16231116706989723,-0.18413911527186214,-0.1801688176268989,0.01967724344637444,177
121,0.4183911085128784,0.027436054167608658,0.011143994331359864,0.005479577666280606,0.9,0.005,8,100,reg:squarederror,1.0,"{'colsample_bytree': 0.9, 'learning_rate': 0.005, 'max_depth': 8, 'n_estimators': 100, 'objective': 'reg:squarederror', 'subsample': 1.0}",-0.1791389601246884,-0.16304661918761343,-0.15425705252933272,-0.17483964471199095,-0.17544010219103118,-0.21665469822177855,-0.2147157993697709,-0.17980602262524634,-0.1625680505818783,-0.1843264324158236,-0.18047933819591544,0.019665615351619932,178
122,0.8263799905776977,0.02426269613140833,0.009575104713439942,0.003955028723274761,0.9,0.005,8,200,reg:squarederror,0.9,"{'colsample_bytree': 0.9, 'learning_rate': 0.005, 'max_depth': 8, 'n_estimators': 200, 'objective': 'reg:squarederror', 'subsample': 0.9}",-0.14536038471270638,-0.13294068755200236,-0.12646045521086777,-0.14525814249627017,-0.14077062281461297,-0.18453071400003268,-0.18180888152901092,-0.14815882184472615,-0.13631772168016287,-0.15280783277052634,-0.14944142646109188,0.01836806104979806,153
123,0.8710004568099976,0.020237535166317412,0.012156414985656738,0.004414564046685661,0.9,0.005,8,200,reg:squarederror,1.0,"{'colsample_bytree': 0.9, 'learning_rate': 0.005, 'max_depth': 8, 'n_estimators': 200, 'objective': 'reg:squarederror', 'subsample': 1.0}",-0.14639446563799227,-0.13376072262998112,-0.12694808806015298,-0.14665289529892359,-0.1410679288011533,-0.18410559158880802,-0.18139301923033474,-0.1489389839118834,-0.1371670768031888,-0.15320775786532298,-0.14996365298277411,0.01795519107054806,154
124,0.899739146232605,0.04668663728667279,0.010384202003479004,0.008191474052194619,0.9,0.005,10,100,reg:squarederror,0.9,"{'colsample_bytree': 0.9, 'learning_rate': 0.005, 'max_depth': 10, 'n_estimators': 100, 'objective': 'reg:squarederror', 'subsample': 0.9}",-0.17725583810700676,-0.16117797078737486,-0.1520634650637105,-0.17212295033990208,-0.17290426972139603,-0.21605639403704502,-0.21288523636251752,-0.17748406722321108,-0.1603311115062489,-0.18223060423661433,-0.1784511907385027,0.020025811843274618,175
125,0.8787420272827149,0.05362419951269379,0.006137299537658692,0.001493972549021484,0.9,0.005,10,100,reg:squarederror,1.0,"{'colsample_bytree': 0.9, 'learning_rate': 0.005, 'max_depth': 10, 'n_estimators': 100, 'objective': 'reg:squarederror', 'subsample': 1.0}",-0.1777584891717598,-0.16063918774426794,-0.15299875838019739,-0.17272213429357944,-0.1737293613880611,-0.2163925907431885,-0.21375552815618937,-0.1778892892486752,-0.1607542423047916,-0.18212402157734495,-0.1788763603008055,0.020079385314336486,176
126,1.7058770656585693,0.044786311311714386,0.01927330493927002,0.007047799042160869,0.9,0.005,10,200,reg:squarederror,0.9,"{'colsample_bytree': 0.9, 'learning_rate': 0.005, 'max_depth': 10, 'n_estimators': 200, 'objective': 'reg:squarederror', 'subsample': 0.9}",-0.1443196073799691,-0.1306417413909118,-0.12455741411143288,-0.14364467982802495,-0.13803546823908106,-0.18434687179164008,-0.18052345387744947,-0.14728178214650198,-0.13498750416103877,-0.1507461237061913,-0.14790846466322413,0.018811800568171763,151
127,1.7592464208602905,0.08843432847702519,0.020696187019348146,0.006932957736260935,0.9,0.005,10,200,reg:squarederror,1.0,"{'colsample_bytree': 0.9, 'learning_rate': 0.005, 'max_depth': 10, 'n_estimators': 200, 'objective': 'reg:squarederror', 'subsample': 1.0}",-0.144768480281596,-0.13110567805296114,-0.12549689560974334,-0.1444641423074461,-0.13964535100552752,-0.18482812563784187,-0.1810620623866307,-0.14835526858533873,-0.13624093063638706,-0.15121322499927115,-0.14871801595027434,0.01864815023413804,152
128,0.1374518871307373,0.01030356033442124,0.0024573564529418944,0.0007285147335695706,1.0,0.05,5,100,reg:squarederror,0.9,"{'colsample_bytree': 1.0, 'learning_rate': 0.05, 'max_depth': 5, 'n_estimators': 100, 'objective': 'reg:squarederror', 'subsample': 0.9}",-0.1159857245363833,-0.10738080172094021,-0.10778281694090563,-0.12523304221094345,-0.11121413983161046,-0.15642196567394565,-0.1530294670842449,-0.11835442989955945,-0.11879351646305092,-0.12585440700252198,-0.12400503113641059,0.016506769291724326,53
129,0.13799576759338378,0.03284941462319906,0.002407407760620117,0.0008439295085856678,1.0,0.05,5,100,reg:squarederror,1.0,"{'colsample_bytree': 1.0, 'learning_rate': 0.05, 'max_depth': 5, 'n_estimators': 100, 'objective': 'reg:squarederror', 'subsample': 1.0}",-0.11818651389550858,-0.10851288109741737,-0.10912984650188338,-0.12705693656327025,-0.11325667425195894,-0.1564241205195012,-0.15412652983710717,-0.11828843622341993,-0.11719329628686843,-0.1254571348820615,-0.12476323700589967,0.01629022820411703,82
130,0.24690783023834229,0.017578820087025986,0.0058228492736816405,0.0020954442107660493,1.0,0.05,5,200,reg:squarederror,0.9,"{'colsample_bytree': 1.0, 'learning_rate': 0.05, 'max_depth': 5, 'n_estimators': 200, 'objective': 'reg:squarederror', 'subsample': 0.9}",-0.11577308378589081,-0.10754703249016528,-0.10647148708594623,-0.12330636645078277,-0.10960709897914281,-0.15387518235137015,-0.1520003756680794,-0.11616296156562754,-0.11900922125423626,-0.12452598467734527,-0.12282787943085864,0.016132824855354812,13
131,0.24883708953857422,0.027627887086969005,0.005389976501464844,0.0022428856406125773,1.0,0.05,5,200,reg:squarederror,1.0,"{'colsample_bytree': 1.0, 'learning_rate': 0.05, 'max_depth': 5, 'n_estimators': 200, 'objective': 'reg:squarederror', 'subsample': 1.0}",-0.11685157596381472,-0.11139078826206138,-0.10951413175214217,-0.12656120593423734,-0.1126336773489941,-0.15778146205764376,-0.15339368195523326,-0.11666156988559909,-0.11788239147788777,-0.12381240038609326,-0.12464828850237067,0.016272588774362832,79
132,0.29778327941894533,0.013029503123317923,0.005064082145690918,0.0016479339486108386,1.0,0.05,7,100,reg:squarederror,0.9,"{'colsample_bytree': 1.0, 'learning_rate': 0.05, 'max_depth': 7, 'n_estimators': 100, 'objective': 'reg:squarederror', 'subsample': 0.9}",-0.11799571690207526,-0.10706744777657624,-0.1039711798897826,-0.1233111925082277,-0.10649962984553293,-0.15492130244675545,-0.15507917319945225,-0.11578553039302993,-0.11605488714350759,-0.12659389353203732,-0.12272799536369772,0.017532388295180553,10
133,0.3012488126754761,0.013388405309587117,0.0035724639892578125,0.0010224649799461226,1.0,0.05,7,100,reg:squarederror,1.0,"{'colsample_bytree': 1.0, 'learning_rate': 0.05, 'max_depth': 7, 'n_estimators': 100, 'objective': 'reg:squarederror', 'subsample': 1.0}",-0.12181282760752755,-0.10533483206093062,-0.10688028499204903,-0.12463015580517386,-0.10962132100116892,-0.15720970788174968,-0.15428852716172609,-0.1162918598626637,-0.11634538538252635,-0.13223721543560063,-0.12446521171911165,0.017485353838412505,75
134,0.5627844095230102,0.013274835250470799,0.006819796562194824,0.001990567868360608,1.0,0.05,7,200,reg:squarederror,0.9,"{'colsample_bytree': 1.0, 'learning_rate': 0.05, 'max_depth': 7, 'n_estimators': 200, 'objective': 'reg:squarederror', 'subsample': 0.9}",-0.11902509086630492,-0.10897362928086922,-0.10427729453027167,-0.12336507525561492,-0.10677757587437244,-0.1559341272439781,-0.1543343806776775,-0.11544404338383867,-0.11793144160435577,-0.12752370179928108,-0.12335863605165645,0.017305604863444332,29
135,0.5754070043563843,0.04639681331558555,0.007100653648376465,0.0022108530852949526,1.0,0.05,7,200,reg:squarederror,1.0,"{'colsample_bytree': 1.0, 'learning_rate': 0.05, 'max_depth': 7, 'n_estimators': 200, 'objective': 'reg:squarederror', 'subsample': 1.0}",-0.12736682848479602,-0.10757651889644501,-0.10770365096322493,-0.12554266039377981,-0.1106338344018324,-0.1581089859518742,-0.1552295966472643,-0.11793396952176603,-0.1180847913309564,-0.13655783292131282,-0.1264738669513252,0.017420297015118942,121
136,0.48922641277313234,0.041261634015002734,0.005264687538146973,0.001914180171253223,1.0,0.05,8,100,reg:squarederror,0.9,"{'colsample_bytree': 1.0, 'learning_rate': 0.05, 'max_depth': 8, 'n_estimators': 100, 'objective': 'reg:squarederror', 'subsample': 0.9}",-0.11817655043761462,-0.10872709076868506,-0.10557057806401003,-0.12207469789115663,-0.10833040059036833,-0.1568414514465628,-0.15727893722560662,-0.11828799175344296,-0.1174572788442589,-0.1309652221957287,-0.12437101992174346,0.017789552115449445,72
137,0.4652031660079956,0.014932521728956673,0.003981947898864746,0.000780534402343374,1.0,0.05,8,100,reg:squarederror,1.0,"{'colsample_bytree': 1.0, 'learning_rate': 0.05, 'max_depth': 8, 'n_estimators': 100, 'objective': 'reg:squarederror', 'subsample': 1.0}",-0.12256162864365336,-0.10804014403388844,-0.10616388116023394,-0.1246348197687982,-0.11119160366031865,-0.15610875541544086,-0.15556359740669692,-0.1178961507338997,-0.11832277739392973,-0.1301312862284065,-0.12506146444452665,0.016918680072407433,92
138,0.8807851076126099,0.038063588597862914,0.010672688484191895,0.003093409337606911,1.0,0.05,8,200,reg:squarederror,0.9,"{'colsample_bytree': 1.0, 'learning_rate': 0.05, 'max_depth': 8, 'n_estimators': 200, 'objective': 'reg:squarederror', 'subsample': 0.9}",-0.11943837137509548,-0.11076019609765901,-0.10611852247206222,-0.1232948630180723,-0.10879120329322052,-0.15800295580053136,-0.1580416949901005,-0.11826660757923776,-0.119921216928601,-0.13108651865803186,-0.12537221502126122,0.017730166621068057,101
139,0.8860644817352294,0.047441657074162216,0.011297369003295898,0.003679192507424523,1.0,0.05,8,200,reg:squarederror,1.0,"{'colsample_bytree': 1.0, 'learning_rate': 0.05, 'max_depth': 8, 'n_estimators': 200, 'objective': 'reg:squarederror', 'subsample': 1.0}",-0.12430599434745956,-0.11051493356112137,-0.10724620465820077,-0.12711596625651994,-0.11312993561336032,-0.1560425127577316,-0.1564174790612653,-0.11925913247682762,-0.12224504375514496,-0.13475745326439392,-0.12710346557520252,0.016471420512571295,134
140,0.9980026245117187,0.02638703283045793,0.008731555938720704,0.003709653081311253,1.0,0.05,10,100,reg:squarederror,0.9,"{'colsample_bytree': 1.0, 'learning_rate': 0.05, 'max_depth': 10, 'n_estimators': 100, 'objective': 'reg:squarederror', 'subsample': 0.9}",-0.11984489661191605,-0.11420255632052759,-0.10391427082916213,-0.12300002493258717,-0.11033186829195984,-0.1543721205943566,-0.15957878215731794,-0.1212720557020319,-0.1197795803993312,-0.12681923931899644,-0.1253115395158187,0.01705527748200807,99
141,1.0500966310501099,0.03555802968166646,0.008777809143066407,0.0034600929715072944,1.0,0.05,10,100,reg:squarederror,1.0,"{'colsample_bytree': 1.0, 'learning_rate': 0.05, 'max_depth': 10, 'n_estimators': 100, 'objective': 'reg:squarederror', 'subsample': 1.0}",-0.12400586338071565,-0.11167393441773688,-0.10655864460972826,-0.12480317197101888,-0.11206349996284588,-0.15534034624472137,-0.1578463387680418,-0.1240122087829914,-0.12185712514250853,-0.13362586780283553,-0.1271787001083144,0.016502296576356466,135
142,1.913983702659607,0.07167947744366425,0.02024056911468506,0.0096959171549739,1.0,0.05,10,200,reg:squarederror,0.9,"{'colsample_bytree': 1.0, 'learning_rate': 0.05, 'max_depth': 10, 'n_estimators': 200, 'objective': 'reg:squarederror', 'subsample': 0.9}",-0.12236552045073787,-0.11625467664888887,-0.10511740456224498,-0.12439200210759464,-0.1106506638969567,-0.15248651616139094,-0.16185305469180064,-0.12229561695003786,-0.12115250075200514,-0.12876247973137986,-0.12653304359530376,0.016767346386405937,123
143,1.8318424940109252,0.044170277547653715,0.017717885971069335,0.005527933180511415,1.0,0.05,10,200,reg:squarederror,1.0,"{'colsample_bytree': 1.0, 'learning_rate': 0.05, 'max_depth': 10, 'n_estimators': 200, 'objective': 'reg:squarederror', 'subsample': 1.0}",-0.12682771656886707,-0.11351328058386971,-0.10777199109392377,-0.12501523283155788,-0.11376781354153363,-0.1546228262685996,-0.15870355510831782,-0.12484323422846527,-0.12475734261431838,-0.13580112237940395,-0.12856241152188572,0.016004790575577653,141
144,0.1398425817489624,0.014717335249421997,0.0028053045272827147,0.001095880644583485,1.0,0.06,5,100,reg:squarederror,0.9,"{'colsample_bytree': 1.0, 'learning_rate': 0.06, 'max_depth': 5, 'n_estimators': 100, 'objective': 'reg:squarederror', 'subsample': 0.9}",-0.11510451090247867,-0.10829408619478094,-0.10727822637799254,-0.12322935428084922,-0.10922803076006234,-0.15432564909898128,-0.15282775875819551,-0.11751571008291631,-0.11738384417573824,-0.12555075315834655,-0.12307379237903415,0.016292816114958777,18
145,0.13608951568603517,0.013993367263263955,0.0028592824935913088,0.0012405224814569834,1.0,0.06,5,100,reg:squarederror,1.0,"{'colsample_bytree': 1.0, 'learning_rate': 0.06, 'max_depth': 5, 'n_estimators': 100, 'objective': 'reg:squarederror', 'subsample': 1.0}",-0.11927032353049044,-0.10962361054918209,-0.11096784465473164,-0.12695240220143864,-0.11176998699429411,-0.15675452198700854,-0.154825908759108,-0.11953536250578023,-0.11654138255176658,-0.12444031393355118,-0.12506816576673513,0.016262290127450733,93
146,0.251767897605896,0.019305803967821923,0.005383825302124024,0.0015035984809245151,1.0,0.06,5,200,reg:squarederror,0.9,"{'colsample_bytree': 1.0, 'learning_rate': 0.06, 'max_depth': 5, 'n_estimators': 200, 'objective': 'reg:squarederror', 'subsample': 0.9}",-0.11459012799521659,-0.10801719071167669,-0.10734927580596304,-0.12294585561744285,-0.10886303573718414,-0.1540987475033291,-0.15281880630109768,-0.11659739586890606,-0.11739765340146874,-0.12531795045040867,-0.12279960393926936,0.016351319886584018,12
147,0.23650751113891602,0.0106701172547239,0.005711817741394043,0.002249436631907486,1.0,0.06,5,200,reg:squarederror,1.0,"{'colsample_bytree': 1.0, 'learning_rate': 0.06, 'max_depth': 5, 'n_estimators': 200, 'objective': 'reg:squarederror', 'subsample': 1.0}",-0.12011848115823187,-0.11008156692625842,-0.11118237047383908,-0.12620002112766482,-0.11134848860184525,-0.15733314198780282,-0.15438752393718852,-0.11727862388539984,-0.11748340675020166,-0.12644854108765874,-0.12518621659360912,0.01628511140181371,96
148,0.3102875709533691,0.015640226083959718,0.0034306526184082033,0.000915733669297663,1.0,0.06,7,100,reg:squarederror,0.9,"{'colsample_bytree': 1.0, 'learning_rate': 0.06, 'max_depth': 7, 'n_estimators': 100, 'objective': 'reg:squarederror', 'subsample': 0.9}",-0.11658326161124305,-0.10848678310949168,-0.10542456097905248,-0.12127188788201036,-0.10901738008752797,-0.15485188483353265,-0.1529618277438555,-0.11635687593423634,-0.1184612064938083,-0.1283113235206367,-0.12317269921953951,0.016625586980108027,23
149,0.2921520471572876,0.009429447377976003,0.004141902923583985,0.0014077029441507897,1.0,0.06,7,100,reg:squarederror,1.0,"{'colsample_bytree': 1.0, 'learning_rate': 0.06, 'max_depth': 7, 'n_estimators': 100, 'objective': 'reg:squarederror', 'subsample': 1.0}",-0.12463918170445337,-0.10650588062881941,-0.10724647544505743,-0.12249337964357064,-0.11065267351911744,-0.15398229088264576,-0.15362892382403698,-0.11815435297866879,-0.11702942155040932,-0.1289823380690013,-0.12433149182457806,0.016281433139688373,70
150,0.5691471099853516,0.019948913273902653,0.008710622787475586,0.005520561894095486,1.0,0.06,7,200,reg:squarederror,0.9,"{'colsample_bytree': 1.0, 'learning_rate': 0.06, 'max_depth': 7, 'n_estimators': 200, 'objective': 'reg:squarederror', 'subsample': 0.9}",-0.11849905682168803,-0.11109455337927364,-0.1054775323999218,-0.12112950805017876,-0.11024298778826976,-0.1565063224008254,-0.15477266000855303,-0.11552356367578508,-0.11943728848941755,-0.12902418258631454,-0.12417076556002275,0.016907467445973292,60
151,0.5829206228256225,0.026146731159609818,0.00868833065032959,0.0026246054823070293,1.0,0.06,7,200,reg:squarederror,1.0,"{'colsample_bytree': 1.0, 'learning_rate': 0.06, 'max_depth': 7, 'n_estimators': 200, 'objective': 'reg:squarederror', 'subsample': 1.0}",-0.1291295825884038,-0.10847463807989637,-0.1078601401223106,-0.12276527861435835,-0.11236633885566014,-0.15428210593795327,-0.15510265522813338,-0.11898610915331448,-0.119737150857267,-0.13114070808621703,-0.12598447075235142,0.01613695052508778,113
152,0.46610593795776367,0.015168297138648215,0.00651254653930664,0.0024417357650799343,1.0,0.06,8,100,reg:squarederror,0.9,"{'colsample_bytree': 1.0, 'learning_rate': 0.06, 'max_depth': 8, 'n_estimators': 100, 'objective': 'reg:squarederror', 'subsample': 0.9}",-0.11987567712255522,-0.10919585940930378,-0.10447476201275364,-0.12260224131853688,-0.10733866278229728,-0.1505283960642762,-0.1554864164273996,-0.11970819580470242,-0.1177707850318706,-0.1281839560111973,-0.12351649519848928,0.016323302551947614,34
153,0.47285726070404055,0.021615916006182595,0.005577635765075683,0.001726113294133016,1.0,0.06,8,100,reg:squarederror,1.0,"{'colsample_bytree': 1.0, 'learning_rate': 0.06, 'max_depth': 8, 'n_estimators': 100, 'objective': 'reg:squarederror', 'subsample': 1.0}",-0.12981524803231934,-0.11048687584250638,-0.10769379044077532,-0.12319206344078926,-0.11043091831966075,-0.15258629706701682,-0.15884281361584382,-0.11862746347082274,-0.11849421431522443,-0.13644141093474152,-0.12666110954797002,0.01685656066555195,126
154,0.8610889911651611,0.017812964998655877,0.011376118659973145,0.004483855069006094,1.0,0.06,8,200,reg:squarederror,0.9,"{'colsample_bytree': 1.0, 'learning_rate': 0.06, 'max_depth': 8, 'n_estimators': 200, 'objective': 'reg:squarederror', 'subsample': 0.9}",-0.12226706121508402,-0.11105282917456531,-0.10596920296667539,-0.12477233011398416,-0.10828334965159142,-0.14932567345306957,-0.15740991530316692,-0.11997355541096705,-0.11986108735546372,-0.13030865013690113,-0.12492236547814686,0.016017484381051557,87
155,0.8985408544540405,0.03770786443801599,0.008759450912475587,0.002693503359283633,1.0,0.06,8,200,reg:squarederror,1.0,"{'colsample_bytree': 1.0, 'learning_rate': 0.06, 'max_depth': 8, 'n_estimators': 200, 'objective': 'reg:squarederror', 'subsample': 1.0}",-0.1333958953087771,-0.11454073590497246,-0.10883191472198303,-0.12496624402607484,-0.11328924980853242,-0.15411481599322277,-0.16085137632993576,-0.1197789362120527,-0.12213036794773563,-0.13808444378348736,-0.1289983980036774,0.01660799761543716,143
156,1.0150439977645873,0.03588473707522756,0.009363031387329102,0.002744047903211717,1.0,0.06,10,100,reg:squarederror,0.9,"{'colsample_bytree': 1.0, 'learning_rate': 0.06, 'max_depth': 10, 'n_estimators': 100, 'objective': 'reg:squarederror', 'subsample': 0.9}",-0.12284790054725217,-0.11260987473755553,-0.10557705101559749,-0.12379384756983317,-0.10907694991604874,-0.15398409781763644,-0.15726109436200048,-0.12288822857630463,-0.1216622064161772,-0.13058066580452113,-0.1260281916762927,0.016454253677591214,115
157,1.0264262676239013,0.02775334587224551,0.012045598030090332,0.007956213827087494,1.0,0.06,10,100,reg:squarederror,1.0,"{'colsample_bytree': 1.0, 'learning_rate': 0.06, 'max_depth': 10, 'n_estimators': 100, 'objective': 'reg:squarederror', 'subsample': 1.0}",-0.12375910695638058,-0.11269202408222705,-0.10743853370292625,-0.12938550994556194,-0.11285010177824012,-0.15942777739557293,-0.1615353743423828,-0.12310616639932717,-0.1229768544810025,-0.13347387633311567,-0.1286645325416737,0.017588597614299758,142
158,1.82108895778656,0.039558611324160456,0.01962113380432129,0.006036786176141638,1.0,0.06,10,200,reg:squarederror,0.9,"{'colsample_bytree': 1.0, 'learning_rate': 0.06, 'max_depth': 10, 'n_estimators': 200, 'objective': 'reg:squarederror', 'subsample': 0.9}",-0.12433862869053103,-0.11591962508379208,-0.10699246096140425,-0.12624513092255807,-0.11109477789557755,-0.1546858129237558,-0.15987910221325477,-0.12439719914369064,-0.12328110137564816,-0.1317865131986106,-0.1278620352408823,0.016331960021187066,140
159,1.7780521392822266,0.06650800179654456,0.02094430923461914,0.0065756905034022005,1.0,0.06,10,200,reg:squarederror,1.0,"{'colsample_bytree': 1.0, 'learning_rate': 0.06, 'max_depth': 10, 'n_estimators': 200, 'objective': 'reg:squarederror', 'subsample': 1.0}",-0.12789368963166944,-0.11505970564861011,-0.10877433281271603,-0.13142852384318693,-0.11397307496832422,-0.156902687344285,-0.16312245007283147,-0.12421224143392044,-0.12512233610407636,-0.13507220760033103,-0.1301561249459951,0.016854392519418754,144
160,0.139037561416626,0.010523451956885678,0.00301663875579834,0.0009174783852025841,1.0,0.04,5,100,reg:squarederror,0.9,"{'colsample_bytree': 1.0, 'learning_rate': 0.04, 'max_depth': 5, 'n_estimators': 100, 'objective': 'reg:squarederror', 'subsample': 0.9}",-0.11654240284251804,-0.10986007365843631,-0.10895977690900129,-0.1264625490737899,-0.11165924055045277,-0.15759587041011097,-0.15511729379849418,-0.11898528004708298,-0.11926879808356394,-0.12610392138285795,-0.1250555206756308,0.016667049800792595,91
161,0.1269024133682251,0.00928792466955341,0.0023772716522216797,0.0007250863737379897,1.0,0.04,5,100,reg:squarederror,1.0,"{'colsample_bytree': 1.0, 'learning_rate': 0.04, 'max_depth': 5, 'n_estimators': 100, 'objective': 'reg:squarederror', 'subsample': 1.0}",-0.1165684512786785,-0.10899406442064344,-0.10869179536050545,-0.1270907858831186,-0.11423387028806614,-0.15908021492020757,-0.15369922118343912,-0.11944673853797466,-0.11790198100927339,-0.12519656706368937,-0.12509036899455964,0.016672742323379126,94
162,0.2587893962860107,0.016589825312622184,0.004586029052734375,0.0011631767601691211,1.0,0.04,5,200,reg:squarederror,0.9,"{'colsample_bytree': 1.0, 'learning_rate': 0.04, 'max_depth': 5, 'n_estimators': 200, 'objective': 'reg:squarederror', 'subsample': 0.9}",-0.11675791661305795,-0.10815709016779607,-0.10779024784027903,-0.12539238290157098,-0.10995848034437382,-0.15392494090403389,-0.1523064064177929,-0.11699409857519967,-0.11785671682616573,-0.12532385909072433,-0.12344621396809945,0.0159611019723771,33
163,0.24068031311035157,0.026422130490624317,0.004702258110046387,0.001526113339572239,1.0,0.04,5,200,reg:squarederror,1.0,"{'colsample_bytree': 1.0, 'learning_rate': 0.04, 'max_depth': 5, 'n_estimators': 200, 'objective': 'reg:squarederror', 'subsample': 1.0}",-0.1151184915085938,-0.10695576470083536,-0.10895355163718265,-0.1262340837379777,-0.112009418245962,-0.15751672108110423,-0.1531938413500266,-0.11736340986503106,-0.11782921809468457,-0.12303057141484273,-0.12382050716362407,0.01674198135538299,46
164,0.31194319725036623,0.018770464917371023,0.004253911972045899,0.001195499135189315,1.0,0.04,7,100,reg:squarederror,0.9,"{'colsample_bytree': 1.0, 'learning_rate': 0.04, 'max_depth': 7, 'n_estimators': 100, 'objective': 'reg:squarederror', 'subsample': 0.9}",-0.11754247917291467,-0.1080257560715856,-0.10541875493073581,-0.12306082584006968,-0.10861571036304733,-0.15173104580917585,-0.15618410169695734,-0.11643425205835375,-0.11672879986273536,-0.12682583785285353,-0.1230567563658429,0.016714435675419418,17
165,0.30215513706207275,0.017774510065338003,0.004603433609008789,0.0014459384828841612,1.0,0.04,7,100,reg:squarederror,1.0,"{'colsample_bytree': 1.0, 'learning_rate': 0.04, 'max_depth': 7, 'n_estimators': 100, 'objective': 'reg:squarederror', 'subsample': 1.0}",-0.12349409914817448,-0.1057214201899122,-0.10624045970777701,-0.12450245849417071,-0.10919925840802992,-0.15621355160428402,-0.1542070589277615,-0.11797891761546037,-0.11639688568130803,-0.12848449605271606,-0.12424386058295944,0.01712551962600436,66
166,0.5638906002044678,0.010027949434680218,0.007520127296447754,0.0020748961557413865,1.0,0.04,7,200,reg:squarederror,0.9,"{'colsample_bytree': 1.0, 'learning_rate': 0.04, 'max_depth': 7, 'n_estimators': 200, 'objective': 'reg:squarederror', 'subsample': 0.9}",-0.11949090253839217,-0.10872190343325372,-0.10484136237997295,-0.12334600853538324,-0.1070584595324964,-0.15088868022792096,-0.1546846384539503,-0.11635708501437154,-0.1166772786172941,-0.12671381788096114,-0.12287801366139965,0.01636951410931538,14
167,0.5756533145904541,0.014729609178372977,0.006840801239013672,0.0017136081343716765,1.0,0.04,7,200,reg:squarederror,1.0,"{'colsample_bytree': 1.0, 'learning_rate': 0.04, 'max_depth': 7, 'n_estimators': 200, 'objective': 'reg:squarederror', 'subsample': 1.0}",-0.1268609794849864,-0.106623334483167,-0.10707681661210683,-0.12401236757037824,-0.10926076196047942,-0.15769881701903976,-0.15431349953660375,-0.11750845479545591,-0.11738465796063552,-0.13118337019220913,-0.12519230596150618,0.01729618292964903,97
168,0.49395389556884767,0.01757661922322605,0.005389595031738281,0.0033082986146022427,1.0,0.04,8,100,reg:squarederror,0.9,"{'colsample_bytree': 1.0, 'learning_rate': 0.04, 'max_depth': 8, 'n_estimators': 100, 'objective': 'reg:squarederror', 'subsample': 0.9}",-0.11982608645293229,-0.10980447512704017,-0.10536321169724315,-0.12294699598300045,-0.1097649556059148,-0.15365788228856136,-0.15794886504692437,-0.11868088683900065,-0.11613867928159946,-0.12728277060354737,-0.1241414808925764,0.017037590286774044,58
169,0.49353368282318116,0.022506299337324256,0.006023621559143067,0.0022352164822707844,1.0,0.04,8,100,reg:squarederror,1.0,"{'colsample_bytree': 1.0, 'learning_rate': 0.04, 'max_depth': 8, 'n_estimators': 100, 'objective': 'reg:squarederror', 'subsample': 1.0}",-0.12430943487637493,-0.1087518196612105,-0.10582164766093942,-0.12549461482639215,-0.11086773090812387,-0.1565393095469641,-0.1580467601867358,-0.11849844272470801,-0.11728244836711031,-0.13042186305914188,-0.12560340718177007,0.017454678367061553,107
170,0.9058484554290771,0.02288937889812529,0.010167694091796875,0.00341370905874496,1.0,0.04,8,200,reg:squarederror,0.9,"{'colsample_bytree': 1.0, 'learning_rate': 0.04, 'max_depth': 8, 'n_estimators': 200, 'objective': 'reg:squarederror', 'subsample': 0.9}",-0.12219290015862137,-0.1111236461502933,-0.10618200000614114,-0.12350605051571313,-0.10992578671299999,-0.15154285915323734,-0.15744025729339187,-0.11807820804084967,-0.11772476531748116,-0.12723446585603346,-0.12449509392047622,0.016260969730634456,77
171,0.9091294050216675,0.027036735217415488,0.008471393585205078,0.0032262041053765377,1.0,0.04,8,200,reg:squarederror,1.0,"{'colsample_bytree': 1.0, 'learning_rate': 0.04, 'max_depth': 8, 'n_estimators': 200, 'objective': 'reg:squarederror', 'subsample': 1.0}",-0.12711605191988604,-0.11074523822532509,-0.1070600797153376,-0.125883520920748,-0.11311249093482555,-0.15454253803593024,-0.15927417766645155,-0.11815576406003928,-0.11979765316428606,-0.13435188030819897,-0.12700393949510283,0.016853186187210316,131
172,1.0236345052719116,0.029195194153478345,0.008718204498291016,0.0031149720282514595,1.0,0.04,10,100,reg:squarederror,0.9,"{'colsample_bytree': 1.0, 'learning_rate': 0.04, 'max_depth': 10, 'n_estimators': 100, 'objective': 'reg:squarederror', 'subsample': 0.9}",-0.12091692114097952,-0.11144988060581236,-0.10420751865900633,-0.12289088428565227,-0.11123260895643176,-0.1537436112001366,-0.1558280734433844,-0.12053584270556043,-0.1196054493929032,-0.1276345978731408,-0.12480453882630078,0.01630566834886135,84
173,1.0570324897766112,0.043739242378770526,0.009246587753295898,0.0037466692878309208,1.0,0.04,10,100,reg:squarederror,1.0,"{'colsample_bytree': 1.0, 'learning_rate': 0.04, 'max_depth': 10, 'n_estimators': 100, 'objective': 'reg:squarederror', 'subsample': 1.0}",-0.12158310176713168,-0.11342579649482369,-0.10454189113732919,-0.12550592990356155,-0.11072198190383946,-0.15591555993064551,-0.1570660527749363,-0.12279195229918617,-0.12068218843960576,-0.13004569722938814,-0.12622801518804477,0.016691886560817375,120
174,1.8984277248382568,0.0435232839223794,0.019630789756774902,0.005706491872730933,1.0,0.04,10,200,reg:squarederror,0.9,"{'colsample_bytree': 1.0, 'learning_rate': 0.04, 'max_depth': 10, 'n_estimators': 200, 'objective': 'reg:squarederror', 'subsample': 0.9}",-0.12249400850707168,-0.11325256225350559,-0.10532630176439717,-0.12392636551301524,-0.11170192652334279,-0.15134862703797708,-0.15739153301625616,-0.12189326962338608,-0.1207625199396591,-0.1309834543788878,-0.12590805685574988,0.015836520328134117,112
175,1.912152886390686,0.043146036829314,0.02107663154602051,0.006502457224523626,1.0,0.04,10,200,reg:squarederror,1.0,"{'colsample_bytree': 1.0, 'learning_rate': 0.04, 'max_depth': 10, 'n_estimators': 200, 'objective': 'reg:squarederror', 'subsample': 1.0}",-0.12347592423840832,-0.11883652490240912,-0.10548406049895154,-0.12684280458668384,-0.11284400947004486,-0.1528368307606933,-0.15825728704970254,-0.1233040215444517,-0.12212037258903964,-0.13170133263581082,-0.12757031682761957,0.015631041616377045,137
176,0.14549047946929933,0.019271506506455982,0.0033080577850341797,0.0009703411631598961,1.0,0.005,5,100,reg:squarederror,0.9,"{'colsample_bytree': 1.0, 'learning_rate': 0.005, 'max_depth': 5, 'n_estimators': 100, 'objective': 'reg:squarederror', 'subsample': 0.9}",-0.179601848246595,-0.16594164499970468,-0.1570106581247229,-0.17733412366750545,-0.17999773304319389,-0.22080939728239624,-0.21724237505488722,-0.18200451419952207,-0.16662856011708407,-0.18917837477587143,-0.1835749229511483,0.019811787708862685,181
177,0.13474764823913574,0.007754074013155936,0.003807520866394043,0.003045020195508584,1.0,0.005,5,100,reg:squarederror,1.0,"{'colsample_bytree': 1.0, 'learning_rate': 0.005, 'max_depth': 5, 'n_estimators': 100, 'objective': 'reg:squarederror', 'subsample': 1.0}",-0.17979145481036243,-0.16565756739546503,-0.1569950272843091,-0.17771770220006616,-0.18032540807277808,-0.22124114827699734,-0.2179276329973307,-0.1819179625572823,-0.16694425389985096,-0.18899830026951847,-0.18375164577639605,0.019984949580711824,182
178,0.27258753776550293,0.0160602462963882,0.005355358123779297,0.0017623565152499348,1.0,0.005,5,200,reg:squarederror,0.9,"{'colsample_bytree': 1.0, 'learning_rate': 0.005, 'max_depth': 5, 'n_estimators': 200, 'objective': 'reg:squarederror', 'subsample': 0.9}",-0.14686721590335172,-0.13581263591912573,-0.13105416972501763,-0.1509514878322829,-0.14682719057848595,-0.19025690216824065,-0.18621090705874513,-0.15204032883142735,-0.1420806964613934,-0.15782504522653146,-0.1539926579704602,0.018658929759961983,158
179,0.25204954147338865,0.025530960105190313,0.0065088987350463865,0.002491111446175916,1.0,0.005,5,200,reg:squarederror,1.0,"{'colsample_bytree': 1.0, 'learning_rate': 0.005, 'max_depth': 5, 'n_estimators': 200, 'objective': 'reg:squarederror', 'subsample': 1.0}",-0.14640153386576613,-0.13557384940795178,-0.13132973079704918,-0.15098947028193724,-0.1466809955347299,-0.19024882004665364,-0.18633609643043816,-0.15233269629184631,-0.14185091235081188,-0.157765850528566,-0.153950995553575,0.01870286039582219,157
180,0.3119264364242554,0.009175022586401984,0.00439906120300293,0.001090712004035997,1.0,0.005,7,100,reg:squarederror,0.9,"{'colsample_bytree': 1.0, 'learning_rate': 0.005, 'max_depth': 7, 'n_estimators': 100, 'objective': 'reg:squarederror', 'subsample': 0.9}",-0.17259803295975712,-0.15833085028678603,-0.15058109025393496,-0.17034058663017115,-0.17120172130465883,-0.21241769916546044,-0.21007167441993116,-0.17449677652785847,-0.15938157837150826,-0.17990978796899987,-0.17593297978890662,0.0195083228277756,173
181,0.31191329956054686,0.01761328710296081,0.003966093063354492,0.0011091442938466623,1.0,0.005,7,100,reg:squarederror,1.0,"{'colsample_bytree': 1.0, 'learning_rate': 0.005, 'max_depth': 7, 'n_estimators': 100, 'objective': 'reg:squarederror', 'subsample': 1.0}",-0.17268256990434602,-0.15798529319346102,-0.1508747845130374,-0.17088461098817503,-0.17139588356472418,-0.2120483274336542,-0.21021647528286805,-0.17517185337185598,-0.15947562208236188,-0.178760242025484,-0.17594956623599675,0.0194055663000767,174
182,0.6088824272155762,0.019318027671619463,0.008336400985717774,0.003375310380082626,1.0,0.005,7,200,reg:squarederror,0.9,"{'colsample_bytree': 1.0, 'learning_rate': 0.005, 'max_depth': 7, 'n_estimators': 200, 'objective': 'reg:squarederror', 'subsample': 0.9}",-0.13974472773080115,-0.1284606032290055,-0.12421745926384377,-0.14285466576462238,-0.13758833289556088,-0.1808911756389891,-0.1788394412459228,-0.14427495518524386,-0.13483750439705994,-0.14993543547603422,-0.14616443008270838,0.01827704743245319,150
183,0.6235742807388306,0.018235060472583307,0.005956530570983887,0.0010832221954134712,1.0,0.005,7,200,reg:squarederror,1.0,"{'colsample_bytree': 1.0, 'learning_rate': 0.005, 'max_depth': 7, 'n_estimators': 200, 'objective': 'reg:squarederror', 'subsample': 1.0}",-0.13928561835601025,-0.12807808416606853,-0.12499764079195358,-0.14346475758136093,-0.13818680148638687,-0.1799667949032597,-0.17902763550881068,-0.14462378700030923,-0.13485094658320199,-0.14907204079991493,-0.14615541071772767,0.01804109124425811,149
184,0.44446730613708496,0.009575842879063273,0.006290841102600098,0.004020025393217045,1.0,0.005,8,100,reg:squarederror,0.9,"{'colsample_bytree': 1.0, 'learning_rate': 0.005, 'max_depth': 8, 'n_estimators': 100, 'objective': 'reg:squarederror', 'subsample': 0.9}",-0.1718828419521978,-0.1568736557055699,-0.1491600065826175,-0.1683628782246549,-0.16898277375080187,-0.21115218524434543,-0.20848091914686254,-0.17304496849687925,-0.15767492677840955,-0.17763599202710878,-0.17432511479094476,0.019546281481307923,171
185,0.47265794277191164,0.024196503966517374,0.0044781208038330075,0.0016068653384495846,1.0,0.005,8,100,reg:squarederror,1.0,"{'colsample_bytree': 1.0, 'learning_rate': 0.005, 'max_depth': 8, 'n_estimators': 100, 'objective': 'reg:squarederror', 'subsample': 1.0}",-0.17350853142554765,-0.15774719520726094,-0.1497459000714645,-0.16962030658302904,-0.16900881199077933,-0.21073355679265693,-0.20959681877370298,-0.17386008245796572,-0.15816914626074546,-0.17758545280199986,-0.17495758023651523,0.019410201754966782,172
186,0.9253259658813476,0.036911169987023956,0.009400534629821777,0.0024606182648276563,1.0,0.005,8,200,reg:squarederror,0.9,"{'colsample_bytree': 1.0, 'learning_rate': 0.005, 'max_depth': 8, 'n_estimators': 200, 'objective': 'reg:squarederror', 'subsample': 0.9}",-0.13929502598378882,-0.12708933547092968,-0.12276538791131335,-0.14083446209732284,-0.13540946326551054,-0.1795580297907236,-0.17754943438539272,-0.14279482395330576,-0.13256650954769592,-0.14766969673483252,-0.14455321691408157,0.01837214039096825,147
187,0.9635399580001831,0.02042532642211493,0.009871530532836913,0.003383686927851475,1.0,0.005,8,200,reg:squarederror,1.0,"{'colsample_bytree': 1.0, 'learning_rate': 0.005, 'max_depth': 8, 'n_estimators': 200, 'objective': 'reg:squarederror', 'subsample': 1.0}",-0.14147080723438138,-0.12788022310569538,-0.12337110864899367,-0.14292887125635156,-0.1357068180625301,-0.17973369688918192,-0.1792043844327622,-0.14269168952298714,-0.13312905550605628,-0.14781308765034767,-0.14539297423092873,0.01842007089420155,148
188,0.9697194337844849,0.028688609314872816,0.010678696632385253,0.004560298851193383,1.0,0.005,10,100,reg:squarederror,0.9,"{'colsample_bytree': 1.0, 'learning_rate': 0.005, 'max_depth': 10, 'n_estimators': 100, 'objective': 'reg:squarederror', 'subsample': 0.9}",-0.1699977903487691,-0.15454185151802927,-0.146831535425918,-0.16636476025895186,-0.1661899919455745,-0.210069456858805,-0.206203566169602,-0.17152437805629034,-0.15659657143715297,-0.1749357953530438,-0.17232556973721366,0.0196773417189373,169
189,1.006024384498596,0.02336861115123509,0.010599017143249512,0.00435533246405519,1.0,0.005,10,100,reg:squarederror,1.0,"{'colsample_bytree': 1.0, 'learning_rate': 0.005, 'max_depth': 10, 'n_estimators': 100, 'objective': 'reg:squarederror', 'subsample': 1.0}",-0.17356695449039428,-0.1556657830765781,-0.1477580790218274,-0.16719594813032526,-0.16652164289422797,-0.2099365996451062,-0.20712846539937588,-0.1730494756275635,-0.158363819553528,-0.1750832223720881,-0.17342699902110145,0.019389194209343864,170
190,2.0429979085922243,0.12646325508431253,0.024822998046875,0.010062565758754999,1.0,0.005,10,200,reg:squarederror,0.9,"{'colsample_bytree': 1.0, 'learning_rate': 0.005, 'max_depth': 10, 'n_estimators': 200, 'objective': 'reg:squarederror', 'subsample': 0.9}",-0.13775036178210234,-0.12540163644466504,-0.12041632554094378,-0.13888883610941488,-0.13226063195560042,-0.17917014146611035,-0.17539905214708357,-0.14162759651064963,-0.1320742006778608,-0.14416075756240562,-0.14271495401968365,0.018599162050286982,145
191,2.2539639711380004,0.27365323148252824,0.02176826000213623,0.008523915697724253,1.0,0.005,10,200,reg:squarederror,1.0,"{'colsample_bytree': 1.0, 'learning_rate': 0.005, 'max_depth': 10, 'n_estimators': 200, 'objective': 'reg:squarederror', 'subsample': 1.0}",-0.14002172250548126,-0.12653748033525344,-0.12172468026663891,-0.14007383176691382,-0.13367643333653426,-0.18046512047668803,-0.1766884071822277,-0.14306011213793807,-0.13495011413072489,-0.1440131501299257,-0.14412110522683264,0.01849275881753433,146
